split,source_video,frame,image,label,positive,faces
train,VID_20231122_101409,1002,VID_20231122_101409_mp4-1002_jpg.rf.995b11d6ec9fdb80932c97009003873f.jpg,VID_20231122_101409_mp4-1002_jpg.rf.995b11d6ec9fdb80932c97009003873f.txt,0,0
train,VID_20231122_101409,1003,VID_20231122_101409_mp4-1003_jpg.rf.aedf254cd98391db97e44c6b94d742c8.jpg,VID_20231122_101409_mp4-1003_jpg.rf.aedf254cd98391db97e44c6b94d742c8.txt,0,0
train,VID_20231122_101409,1009,VID_20231122_101409_mp4-1009_jpg.rf.83e5e6d8b8d0111802650e7b44c423e1.jpg,VID_20231122_101409_mp4-1009_jpg.rf.83e5e6d8b8d0111802650e7b44c423e1.txt,0,0
train,VID_20231122_101409,1014,VID_20231122_101409_mp4-1014_jpg.rf.7b9fe41fe4feb528190add90703b3345.jpg,VID_20231122_101409_mp4-1014_jpg.rf.7b9fe41fe4feb528190add90703b3345.txt,0,0
train,VID_20231122_101409,1044,VID_20231122_101409_mp4-1044_jpg.rf.bdcb0db0e78409a1bb093b0657848473.jpg,VID_20231122_101409_mp4-1044_jpg.rf.bdcb0db0e78409a1bb093b0657848473.txt,0,0
train,VID_20231122_101409,1057,VID_20231122_101409_mp4-1057_jpg.rf.ef629524fab38381a791c20bfdbed1b3.jpg,VID_20231122_101409_mp4-1057_jpg.rf.ef629524fab38381a791c20bfdbed1b3.txt,1,1
train,VID_20231122_101409,105,VID_20231122_101409_mp4-105_jpg.rf.734034dc93b7ceef64fd693dc19b1776.jpg,VID_20231122_101409_mp4-105_jpg.rf.734034dc93b7ceef64fd693dc19b1776.txt,0,0
train,VID_20231122_101409,106,VID_20231122_101409_mp4-106_jpg.rf.ad18b1e6d750456d74926cd5f5a90de8.jpg,VID_20231122_101409_mp4-106_jpg.rf.ad18b1e6d750456d74926cd5f5a90de8.txt,0,0
train,VID_20231122_101409,1091,VID_20231122_101409_mp4-1091_jpg.rf.555b523ad46ea2388a448f63a5dccc7d.jpg,VID_20231122_101409_mp4-1091_jpg.rf.555b523ad46ea2388a448f63a5dccc7d.txt,1,1
train,VID_20231122_101409,1092,VID_20231122_101409_mp4-1092_jpg.rf.332c084e71e99f785b0d804026342c9c.jpg,VID_20231122_101409_mp4-1092_jpg.rf.332c084e71e99f785b0d804026342c9c.txt,0,0
train,VID_20231122_101409,1096,VID_20231122_101409_mp4-1096_jpg.rf.287ab9f9fd94636b397c08181c56ee99.jpg,VID_20231122_101409_mp4-1096_jpg.rf.287ab9f9fd94636b397c08181c56ee99.txt,1,1
train,VID_20231122_101409,10,VID_20231122_101409_mp4-10_jpg.rf.535227370a26ce296b3235105f345908.jpg,VID_20231122_101409_mp4-10_jpg.rf.535227370a26ce296b3235105f345908.txt,0,0
train,VID_20231122_101409,1107,VID_20231122_101409_mp4-1107_jpg.rf.f842096bd7fac851f91c782ea0e01de3.jpg,VID_20231122_101409_mp4-1107_jpg.rf.f842096bd7fac851f91c782ea0e01de3.txt,1,3
train,VID_20231122_101409,1113,VID_20231122_101409_mp4-1113_jpg.rf.d6559146302375b7d34d765a94a3e805.jpg,VID_20231122_101409_mp4-1113_jpg.rf.d6559146302375b7d34d765a94a3e805.txt,0,0
train,VID_20231122_101409,111,VID_20231122_101409_mp4-111_jpg.rf.d44b8255a430b235990d8df06fd427c8.jpg,VID_20231122_101409_mp4-111_jpg.rf.d44b8255a430b235990d8df06fd427c8.txt,0,0
train,VID_20231122_101409,1133,VID_20231122_101409_mp4-1133_jpg.rf.2bd2c7e6f2f5075a07c188e7ea947ac1.jpg,VID_20231122_101409_mp4-1133_jpg.rf.2bd2c7e6f2f5075a07c188e7ea947ac1.txt,1,5
train,VID_20231122_101409,1154,VID_20231122_101409_mp4-1154_jpg.rf.4c2c8c86e2a6685e7cb439574742348b.jpg,VID_20231122_101409_mp4-1154_jpg.rf.4c2c8c86e2a6685e7cb439574742348b.txt,1,4
train,VID_20231122_101409,1155,VID_20231122_101409_mp4-1155_jpg.rf.ec9643d27d3ed5eb99309eceb3728a16.jpg,VID_20231122_101409_mp4-1155_jpg.rf.ec9643d27d3ed5eb99309eceb3728a16.txt,1,2
train,VID_20231122_101409,1157,VID_20231122_101409_mp4-1157_jpg.rf.ddf433fb6f8d2bfa778e0a7ffd977d78.jpg,VID_20231122_101409_mp4-1157_jpg.rf.ddf433fb6f8d2bfa778e0a7ffd977d78.txt,1,3
train,VID_20231122_101409,1168,VID_20231122_101409_mp4-1168_jpg.rf.85f8fa492829cd1744ff6db3ab771840.jpg,VID_20231122_101409_mp4-1168_jpg.rf.85f8fa492829cd1744ff6db3ab771840.txt,1,4
train,VID_20231122_101409,1173,VID_20231122_101409_mp4-1173_jpg.rf.d41ce1237427451c0fe9d0497a4f91b9.jpg,VID_20231122_101409_mp4-1173_jpg.rf.d41ce1237427451c0fe9d0497a4f91b9.txt,1,6
train,VID_20231122_101409,118,VID_20231122_101409_mp4-118_jpg.rf.9257206e4fe581e64be0d26ae99b9d39.jpg,VID_20231122_101409_mp4-118_jpg.rf.9257206e4fe581e64be0d26ae99b9d39.txt,0,0
train,VID_20231122_101409,1208,VID_20231122_101409_mp4-1208_jpg.rf.5b0fb89dfde6028c8bd63ff6be3d8739.jpg,VID_20231122_101409_mp4-1208_jpg.rf.5b0fb89dfde6028c8bd63ff6be3d8739.txt,0,0
train,VID_20231122_101409,1222,VID_20231122_101409_mp4-1222_jpg.rf.0d7ffe0009e08504cf3c798a9243d338.jpg,VID_20231122_101409_mp4-1222_jpg.rf.0d7ffe0009e08504cf3c798a9243d338.txt,0,0
train,VID_20231122_101409,1225,VID_20231122_101409_mp4-1225_jpg.rf.756e55cf20350ecf49b9984e8aefc4e3.jpg,VID_20231122_101409_mp4-1225_jpg.rf.756e55cf20350ecf49b9984e8aefc4e3.txt,0,0
train,VID_20231122_101409,1229,VID_20231122_101409_mp4-1229_jpg.rf.659d61df51c3a7a04ca855ccff444b2c.jpg,VID_20231122_101409_mp4-1229_jpg.rf.659d61df51c3a7a04ca855ccff444b2c.txt,0,0
train,VID_20231122_101409,1239,VID_20231122_101409_mp4-1239_jpg.rf.0b8d3ebbe03e9075d35accf14440a50e.jpg,VID_20231122_101409_mp4-1239_jpg.rf.0b8d3ebbe03e9075d35accf14440a50e.txt,0,0
train,VID_20231122_101409,123,VID_20231122_101409_mp4-123_jpg.rf.7bc79645bfb206dd430695726eef6eb2.jpg,VID_20231122_101409_mp4-123_jpg.rf.7bc79645bfb206dd430695726eef6eb2.txt,0,0
train,VID_20231122_101409,1243,VID_20231122_101409_mp4-1243_jpg.rf.34d91631bffd75f950e544e591fbe985.jpg,VID_20231122_101409_mp4-1243_jpg.rf.34d91631bffd75f950e544e591fbe985.txt,0,0
train,VID_20231122_101409,1250,VID_20231122_101409_mp4-1250_jpg.rf.d8c85dbb73a2558d19e3232e0fc3264d.jpg,VID_20231122_101409_mp4-1250_jpg.rf.d8c85dbb73a2558d19e3232e0fc3264d.txt,0,0
train,VID_20231122_101409,1251,VID_20231122_101409_mp4-1251_jpg.rf.782d48b5391a6b0b00f7654025571fc4.jpg,VID_20231122_101409_mp4-1251_jpg.rf.782d48b5391a6b0b00f7654025571fc4.txt,0,0
train,VID_20231122_101409,1255,VID_20231122_101409_mp4-1255_jpg.rf.e10cbb71bf4785c13d84f887fe0ce154.jpg,VID_20231122_101409_mp4-1255_jpg.rf.e10cbb71bf4785c13d84f887fe0ce154.txt,0,0
train,VID_20231122_101409,1275,VID_20231122_101409_mp4-1275_jpg.rf.27ef15ea9eda94747240d7ec0a973308.jpg,VID_20231122_101409_mp4-1275_jpg.rf.27ef15ea9eda94747240d7ec0a973308.txt,0,0
valid,VID_20231122_101409,1278,VID_20231122_101409_mp4-1278_jpg.rf.a56e030ad1d8c3d2128e2ffd8be3a071.jpg,VID_20231122_101409_mp4-1278_jpg.rf.a56e030ad1d8c3d2128e2ffd8be3a071.txt,1,2
valid,VID_20231122_101409,1281,VID_20231122_101409_mp4-1281_jpg.rf.32525eb43fa724460a0edcc6dc9d1f76.jpg,VID_20231122_101409_mp4-1281_jpg.rf.32525eb43fa724460a0edcc6dc9d1f76.txt,1,2
valid,VID_20231122_101409,1286,VID_20231122_101409_mp4-1286_jpg.rf.4b5b5ba3e3b511759f2546d3c9b0994e.jpg,VID_20231122_101409_mp4-1286_jpg.rf.4b5b5ba3e3b511759f2546d3c9b0994e.txt,1,2
valid,VID_20231122_101409,1292,VID_20231122_101409_mp4-1292_jpg.rf.3ccd26f367aa79ea6a6ce68a49c00396.jpg,VID_20231122_101409_mp4-1292_jpg.rf.3ccd26f367aa79ea6a6ce68a49c00396.txt,1,2
valid,VID_20231122_101409,1301,VID_20231122_101409_mp4-1301_jpg.rf.67372b83867ca0838c1aaaed844d3565.jpg,VID_20231122_101409_mp4-1301_jpg.rf.67372b83867ca0838c1aaaed844d3565.txt,1,2
valid,VID_20231122_101409,1303,VID_20231122_101409_mp4-1303_jpg.rf.7b8c12eaea58ef19ac68c81262d0808d.jpg,VID_20231122_101409_mp4-1303_jpg.rf.7b8c12eaea58ef19ac68c81262d0808d.txt,1,2
valid,VID_20231122_101409,1316,VID_20231122_101409_mp4-1316_jpg.rf.f687942185bc211859342c174f49a369.jpg,VID_20231122_101409_mp4-1316_jpg.rf.f687942185bc211859342c174f49a369.txt,1,2
valid,VID_20231122_101409,1323,VID_20231122_101409_mp4-1323_jpg.rf.500a041ac6896f69e0559c490463e399.jpg,VID_20231122_101409_mp4-1323_jpg.rf.500a041ac6896f69e0559c490463e399.txt,1,2
train,VID_20231122_101409,132,VID_20231122_101409_mp4-132_jpg.rf.a5da2eb91aae16b27b1c9c6ab9a77d8e.jpg,VID_20231122_101409_mp4-132_jpg.rf.a5da2eb91aae16b27b1c9c6ab9a77d8e.txt,0,0
valid,VID_20231122_101409,1338,VID_20231122_101409_mp4-1338_jpg.rf.0f57604f1b3e91ac75c51455afe8791c.jpg,VID_20231122_101409_mp4-1338_jpg.rf.0f57604f1b3e91ac75c51455afe8791c.txt,1,3
valid,VID_20231122_101409,1363,VID_20231122_101409_mp4-1363_jpg.rf.4f97da637db2b05624204308d9c1b9b2.jpg,VID_20231122_101409_mp4-1363_jpg.rf.4f97da637db2b05624204308d9c1b9b2.txt,1,1
valid,VID_20231122_101409,1367,VID_20231122_101409_mp4-1367_jpg.rf.b01ebe68682d711dc25ee4c57f947a89.jpg,VID_20231122_101409_mp4-1367_jpg.rf.b01ebe68682d711dc25ee4c57f947a89.txt,1,1
valid,VID_20231122_101409,1368,VID_20231122_101409_mp4-1368_jpg.rf.7e34e641145c3c290afc9360ceab69b7.jpg,VID_20231122_101409_mp4-1368_jpg.rf.7e34e641145c3c290afc9360ceab69b7.txt,1,1
valid,VID_20231122_101409,1369,VID_20231122_101409_mp4-1369_jpg.rf.6e9bcaa5fa27cee538478b88d4e83be3.jpg,VID_20231122_101409_mp4-1369_jpg.rf.6e9bcaa5fa27cee538478b88d4e83be3.txt,1,1
valid,VID_20231122_101409,1379,VID_20231122_101409_mp4-1379_jpg.rf.1da0ac252b16a5b774b56b3d06a3b30e.jpg,VID_20231122_101409_mp4-1379_jpg.rf.1da0ac252b16a5b774b56b3d06a3b30e.txt,0,0
valid,VID_20231122_101409,1381,VID_20231122_101409_mp4-1381_jpg.rf.bad6fee0ab4da50480faced26209b617.jpg,VID_20231122_101409_mp4-1381_jpg.rf.bad6fee0ab4da50480faced26209b617.txt,0,0
valid,VID_20231122_101409,1390,VID_20231122_101409_mp4-1390_jpg.rf.92bddc5e2745809b8ec5b56a39ac0697.jpg,VID_20231122_101409_mp4-1390_jpg.rf.92bddc5e2745809b8ec5b56a39ac0697.txt,0,0
valid,VID_20231122_101409,1395,VID_20231122_101409_mp4-1395_jpg.rf.0002521846cb89c4c3e8a1f20a1ba255.jpg,VID_20231122_101409_mp4-1395_jpg.rf.0002521846cb89c4c3e8a1f20a1ba255.txt,0,0
valid,VID_20231122_101409,1401,VID_20231122_101409_mp4-1401_jpg.rf.97195fcf9a14b4f3065dce433d1b8aa3.jpg,VID_20231122_101409_mp4-1401_jpg.rf.97195fcf9a14b4f3065dce433d1b8aa3.txt,0,0
valid,VID_20231122_101409,1406,VID_20231122_101409_mp4-1406_jpg.rf.4313621e08ad22800ad554789d81e595.jpg,VID_20231122_101409_mp4-1406_jpg.rf.4313621e08ad22800ad554789d81e595.txt,0,0
valid,VID_20231122_101409,1413,VID_20231122_101409_mp4-1413_jpg.rf.a748db42d428e3a1dfc35ce82400e0b9.jpg,VID_20231122_101409_mp4-1413_jpg.rf.a748db42d428e3a1dfc35ce82400e0b9.txt,0,0
valid,VID_20231122_101409,1421,VID_20231122_101409_mp4-1421_jpg.rf.7fb36e7042ea3202dd9a6dd98fefe3be.jpg,VID_20231122_101409_mp4-1421_jpg.rf.7fb36e7042ea3202dd9a6dd98fefe3be.txt,1,1
valid,VID_20231122_101409,1450,VID_20231122_101409_mp4-1450_jpg.rf.3800aaffa7d601a2edd1a03a460b91c8.jpg,VID_20231122_101409_mp4-1450_jpg.rf.3800aaffa7d601a2edd1a03a460b91c8.txt,1,1
valid,VID_20231122_101409,1456,VID_20231122_101409_mp4-1456_jpg.rf.b200dfd4341f5ed419591a595756894f.jpg,VID_20231122_101409_mp4-1456_jpg.rf.b200dfd4341f5ed419591a595756894f.txt,1,3
valid,VID_20231122_101409,1461,VID_20231122_101409_mp4-1461_jpg.rf.fc7904c0b6ddfeeb05784a98f4ff35d0.jpg,VID_20231122_101409_mp4-1461_jpg.rf.fc7904c0b6ddfeeb05784a98f4ff35d0.txt,1,5
valid,VID_20231122_101409,1483,VID_20231122_101409_mp4-1483_jpg.rf.d0c1cf4000806c1be6d4184deb06d136.jpg,VID_20231122_101409_mp4-1483_jpg.rf.d0c1cf4000806c1be6d4184deb06d136.txt,1,2
valid,VID_20231122_101409,1492,VID_20231122_101409_mp4-1492_jpg.rf.77838ac409e634c5b112256d78e98fc6.jpg,VID_20231122_101409_mp4-1492_jpg.rf.77838ac409e634c5b112256d78e98fc6.txt,1,1
valid,VID_20231122_101409,1498,VID_20231122_101409_mp4-1498_jpg.rf.8544cb7d2e19652d21c4bb408782c6ba.jpg,VID_20231122_101409_mp4-1498_jpg.rf.8544cb7d2e19652d21c4bb408782c6ba.txt,0,0
train,VID_20231122_101409,14,VID_20231122_101409_mp4-14_jpg.rf.b643ded6428a5f28b0b35fa2fc4fe367.jpg,VID_20231122_101409_mp4-14_jpg.rf.b643ded6428a5f28b0b35fa2fc4fe367.txt,0,0
valid,VID_20231122_101409,1505,VID_20231122_101409_mp4-1505_jpg.rf.965128aaffcf2bafd8890ac8496e6c9f.jpg,VID_20231122_101409_mp4-1505_jpg.rf.965128aaffcf2bafd8890ac8496e6c9f.txt,0,0
valid,VID_20231122_101409,1512,VID_20231122_101409_mp4-1512_jpg.rf.659f5e79caecafac4ac85f890e434b67.jpg,VID_20231122_101409_mp4-1512_jpg.rf.659f5e79caecafac4ac85f890e434b67.txt,0,0
valid,VID_20231122_101409,1513,VID_20231122_101409_mp4-1513_jpg.rf.e82e31549d7367bab24573357addda0c.jpg,VID_20231122_101409_mp4-1513_jpg.rf.e82e31549d7367bab24573357addda0c.txt,0,0
valid,VID_20231122_101409,1527,VID_20231122_101409_mp4-1527_jpg.rf.58cf3f7bcc7755a2f2e7717c2b803c7d.jpg,VID_20231122_101409_mp4-1527_jpg.rf.58cf3f7bcc7755a2f2e7717c2b803c7d.txt,1,1
valid,VID_20231122_101409,1540,VID_20231122_101409_mp4-1540_jpg.rf.ad50e6c9b452219e8b6b11f266690de4.jpg,VID_20231122_101409_mp4-1540_jpg.rf.ad50e6c9b452219e8b6b11f266690de4.txt,1,1
train,VID_20231122_101409,157,VID_20231122_101409_mp4-157_jpg.rf.df40b7ca74a8b2678bb8a3bcc9055df7.jpg,VID_20231122_101409_mp4-157_jpg.rf.df40b7ca74a8b2678bb8a3bcc9055df7.txt,0,0
valid,VID_20231122_101409,1582,VID_20231122_101409_mp4-1582_jpg.rf.fbb344d53a5e47f3b306c1f7d438e444.jpg,VID_20231122_101409_mp4-1582_jpg.rf.fbb344d53a5e47f3b306c1f7d438e444.txt,1,1
valid,VID_20231122_101409,1586,VID_20231122_101409_mp4-1586_jpg.rf.8ab9043a5926b68c4edf5f497b26d576.jpg,VID_20231122_101409_mp4-1586_jpg.rf.8ab9043a5926b68c4edf5f497b26d576.txt,1,1
valid,VID_20231122_101409,1612,VID_20231122_101409_mp4-1612_jpg.rf.8fb071ad84d294757e16e2b88c9e36e2.jpg,VID_20231122_101409_mp4-1612_jpg.rf.8fb071ad84d294757e16e2b88c9e36e2.txt,1,4
valid,VID_20231122_101409,1616,VID_20231122_101409_mp4-1616_jpg.rf.981b02a33b47350fbdbf0a446aaabbc5.jpg,VID_20231122_101409_mp4-1616_jpg.rf.981b02a33b47350fbdbf0a446aaabbc5.txt,1,3
valid,VID_20231122_101409,1631,VID_20231122_101409_mp4-1631_jpg.rf.a43f288557b6a4e87146cf10cf0fac4a.jpg,VID_20231122_101409_mp4-1631_jpg.rf.a43f288557b6a4e87146cf10cf0fac4a.txt,1,1
valid,VID_20231122_101409,1640,VID_20231122_101409_mp4-1640_jpg.rf.eb2aec036bb63a8b7eaed105790c6a08.jpg,VID_20231122_101409_mp4-1640_jpg.rf.eb2aec036bb63a8b7eaed105790c6a08.txt,0,0
valid,VID_20231122_101409,1645,VID_20231122_101409_mp4-1645_jpg.rf.f662fefd9ad9075f402b46e5c50fe4ff.jpg,VID_20231122_101409_mp4-1645_jpg.rf.f662fefd9ad9075f402b46e5c50fe4ff.txt,0,0
valid,VID_20231122_101409,1647,VID_20231122_101409_mp4-1647_jpg.rf.efdf359e2b5a64d9e64fb3d90e6260fd.jpg,VID_20231122_101409_mp4-1647_jpg.rf.efdf359e2b5a64d9e64fb3d90e6260fd.txt,0,0
valid,VID_20231122_101409,1664,VID_20231122_101409_mp4-1664_jpg.rf.c429a145649a6b06825a5c00b6f198b0.jpg,VID_20231122_101409_mp4-1664_jpg.rf.c429a145649a6b06825a5c00b6f198b0.txt,0,0
valid,VID_20231122_101409,1667,VID_20231122_101409_mp4-1667_jpg.rf.e8a0e023e82eccb5b519a5a7719f4123.jpg,VID_20231122_101409_mp4-1667_jpg.rf.e8a0e023e82eccb5b519a5a7719f4123.txt,0,0
valid,VID_20231122_101409,1675,VID_20231122_101409_mp4-1675_jpg.rf.1b8f1f1024fc802d09cf7a2295649ab6.jpg,VID_20231122_101409_mp4-1675_jpg.rf.1b8f1f1024fc802d09cf7a2295649ab6.txt,0,0
valid,VID_20231122_101409,1676,VID_20231122_101409_mp4-1676_jpg.rf.4e2054c8bf2591e9b6e3087be0930380.jpg,VID_20231122_101409_mp4-1676_jpg.rf.4e2054c8bf2591e9b6e3087be0930380.txt,0,0
valid,VID_20231122_101409,1703,VID_20231122_101409_mp4-1703_jpg.rf.899c72af807d4f467d8f6ac9f3d4298d.jpg,VID_20231122_101409_mp4-1703_jpg.rf.899c72af807d4f467d8f6ac9f3d4298d.txt,0,0
valid,VID_20231122_101409,1704,VID_20231122_101409_mp4-1704_jpg.rf.5acfc5a7804ee6ac3738121cb13b535d.jpg,VID_20231122_101409_mp4-1704_jpg.rf.5acfc5a7804ee6ac3738121cb13b535d.txt,0,0
valid,VID_20231122_101409,1710,VID_20231122_101409_mp4-1710_jpg.rf.a7afa969c8f74465fe5ce853d46c0dbe.jpg,VID_20231122_101409_mp4-1710_jpg.rf.a7afa969c8f74465fe5ce853d46c0dbe.txt,0,0
valid,VID_20231122_101409,1716,VID_20231122_101409_mp4-1716_jpg.rf.54982dacb93e1cc7b80e61ebd174e90d.jpg,VID_20231122_101409_mp4-1716_jpg.rf.54982dacb93e1cc7b80e61ebd174e90d.txt,1,1
valid,VID_20231122_101409,1719,VID_20231122_101409_mp4-1719_jpg.rf.9a3165b61a43132d1629b30270b24b0f.jpg,VID_20231122_101409_mp4-1719_jpg.rf.9a3165b61a43132d1629b30270b24b0f.txt,0,0
valid,VID_20231122_101409,1723,VID_20231122_101409_mp4-1723_jpg.rf.d829f9579fecccb848cf2dd32320592d.jpg,VID_20231122_101409_mp4-1723_jpg.rf.d829f9579fecccb848cf2dd32320592d.txt,0,0
valid,VID_20231122_101409,1726,VID_20231122_101409_mp4-1726_jpg.rf.70b5b6850165c037a5980abb7e1b1ca1.jpg,VID_20231122_101409_mp4-1726_jpg.rf.70b5b6850165c037a5980abb7e1b1ca1.txt,0,0
valid,VID_20231122_101409,1732,VID_20231122_101409_mp4-1732_jpg.rf.3f89651a4bbc864acdc092f90e608749.jpg,VID_20231122_101409_mp4-1732_jpg.rf.3f89651a4bbc864acdc092f90e608749.txt,0,0
valid,VID_20231122_101409,1733,VID_20231122_101409_mp4-1733_jpg.rf.b66b7a1bc8f1fb7ad7fda47fc6814b6d.jpg,VID_20231122_101409_mp4-1733_jpg.rf.b66b7a1bc8f1fb7ad7fda47fc6814b6d.txt,0,0
valid,VID_20231122_101409,1739,VID_20231122_101409_mp4-1739_jpg.rf.831b07775bdbd6f2f86b3266a66f95a1.jpg,VID_20231122_101409_mp4-1739_jpg.rf.831b07775bdbd6f2f86b3266a66f95a1.txt,1,1
valid,VID_20231122_101409,1750,VID_20231122_101409_mp4-1750_jpg.rf.07dab5089b8409157e662cc6ca9ab227.jpg,VID_20231122_101409_mp4-1750_jpg.rf.07dab5089b8409157e662cc6ca9ab227.txt,0,0
valid,VID_20231122_101409,1763,VID_20231122_101409_mp4-1763_jpg.rf.a27ea5a8ebc26969b1e27c98ba4adb27.jpg,VID_20231122_101409_mp4-1763_jpg.rf.a27ea5a8ebc26969b1e27c98ba4adb27.txt,0,0
valid,VID_20231122_101409,1767,VID_20231122_101409_mp4-1767_jpg.rf.94e2a3ede88f74c07498ff85adc290a2.jpg,VID_20231122_101409_mp4-1767_jpg.rf.94e2a3ede88f74c07498ff85adc290a2.txt,1,2
valid,VID_20231122_101409,1772,VID_20231122_101409_mp4-1772_jpg.rf.c7a5796f88c2b917b96afda3a67a777c.jpg,VID_20231122_101409_mp4-1772_jpg.rf.c7a5796f88c2b917b96afda3a67a777c.txt,1,2
valid,VID_20231122_101409,1804,VID_20231122_101409_mp4-1804_jpg.rf.656ece251c40c397be782cdce9f54022.jpg,VID_20231122_101409_mp4-1804_jpg.rf.656ece251c40c397be782cdce9f54022.txt,1,4
valid,VID_20231122_101409,1808,VID_20231122_101409_mp4-1808_jpg.rf.e8f8f21d676568e31dbc07473f2dd5da.jpg,VID_20231122_101409_mp4-1808_jpg.rf.e8f8f21d676568e31dbc07473f2dd5da.txt,1,4
valid,VID_20231122_101409,1832,VID_20231122_101409_mp4-1832_jpg.rf.fcd46fcb889c8d7f48cda599aa73a556.jpg,VID_20231122_101409_mp4-1832_jpg.rf.fcd46fcb889c8d7f48cda599aa73a556.txt,1,4
valid,VID_20231122_101409,1833,VID_20231122_101409_mp4-1833_jpg.rf.198e4ac87f9259793b858fcc4113666a.jpg,VID_20231122_101409_mp4-1833_jpg.rf.198e4ac87f9259793b858fcc4113666a.txt,1,2
train,VID_20231122_101409,183,VID_20231122_101409_mp4-183_jpg.rf.a44ead8019cd295a9cabd4990e2a0037.jpg,VID_20231122_101409_mp4-183_jpg.rf.a44ead8019cd295a9cabd4990e2a0037.txt,1,1
valid,VID_20231122_101409,1870,VID_20231122_101409_mp4-1870_jpg.rf.e54d658397b30181d59c1b34d8196215.jpg,VID_20231122_101409_mp4-1870_jpg.rf.e54d658397b30181d59c1b34d8196215.txt,1,1
valid,VID_20231122_101409,1892,VID_20231122_101409_mp4-1892_jpg.rf.1c253bfa36c9c874f4c00ffcbf47fffd.jpg,VID_20231122_101409_mp4-1892_jpg.rf.1c253bfa36c9c874f4c00ffcbf47fffd.txt,1,1
train,VID_20231122_101409,1895,VID_20231122_101409_mp4-1895_jpg.rf.5f1db112bdf16e0f910257e7480e35a2.jpg,VID_20231122_101409_mp4-1895_jpg.rf.5f1db112bdf16e0f910257e7480e35a2.txt,1,1
train,VID_20231122_101409,1929,VID_20231122_101409_mp4-1929_jpg.rf.bfbed394434f2babecb742aee6eb1d8b.jpg,VID_20231122_101409_mp4-1929_jpg.rf.bfbed394434f2babecb742aee6eb1d8b.txt,1,1
train,VID_20231122_101409,1951,VID_20231122_101409_mp4-1951_jpg.rf.1b5f03f1d33e03ce2e9b27c2c459d119.jpg,VID_20231122_101409_mp4-1951_jpg.rf.1b5f03f1d33e03ce2e9b27c2c459d119.txt,0,0
train,VID_20231122_101409,1975,VID_20231122_101409_mp4-1975_jpg.rf.22dfde798ac54c83b7f2c9c744005e51.jpg,VID_20231122_101409_mp4-1975_jpg.rf.22dfde798ac54c83b7f2c9c744005e51.txt,0,0
train,VID_20231122_101409,1984,VID_20231122_101409_mp4-1984_jpg.rf.d3d3b3b77221e9d1ea7a1d3b6fa6b276.jpg,VID_20231122_101409_mp4-1984_jpg.rf.d3d3b3b77221e9d1ea7a1d3b6fa6b276.txt,0,0
train,VID_20231122_101409,1986,VID_20231122_101409_mp4-1986_jpg.rf.0c87e5ea43e8a6343cc96174775e4406.jpg,VID_20231122_101409_mp4-1986_jpg.rf.0c87e5ea43e8a6343cc96174775e4406.txt,0,0
train,VID_20231122_101409,1994,VID_20231122_101409_mp4-1994_jpg.rf.b67f2dab01ac279733af1de6d91b1f00.jpg,VID_20231122_101409_mp4-1994_jpg.rf.b67f2dab01ac279733af1de6d91b1f00.txt,0,0
train,VID_20231122_101409,2003,VID_20231122_101409_mp4-2003_jpg.rf.e5db9b38de4d87d7ff0aea48e4ee47cc.jpg,VID_20231122_101409_mp4-2003_jpg.rf.e5db9b38de4d87d7ff0aea48e4ee47cc.txt,0,0
train,VID_20231122_101409,2010,VID_20231122_101409_mp4-2010_jpg.rf.c53dc8d8109361a4a023c044acaf6a8a.jpg,VID_20231122_101409_mp4-2010_jpg.rf.c53dc8d8109361a4a023c044acaf6a8a.txt,0,0
train,VID_20231122_101409,2028,VID_20231122_101409_mp4-2028_jpg.rf.b9001c666193904032b76b3fd87fcb36.jpg,VID_20231122_101409_mp4-2028_jpg.rf.b9001c666193904032b76b3fd87fcb36.txt,1,1
train,VID_20231122_101409,2051,VID_20231122_101409_mp4-2051_jpg.rf.5994645ac7857443ad86ce6d5e0922b2.jpg,VID_20231122_101409_mp4-2051_jpg.rf.5994645ac7857443ad86ce6d5e0922b2.txt,1,1
train,VID_20231122_101409,2077,VID_20231122_101409_mp4-2077_jpg.rf.ba6c74fbcdfdc5cf63ace99dc8d1c99b.jpg,VID_20231122_101409_mp4-2077_jpg.rf.ba6c74fbcdfdc5cf63ace99dc8d1c99b.txt,0,0
train,VID_20231122_101409,2084,VID_20231122_101409_mp4-2084_jpg.rf.a4af494b5ce9124db86c3ac1447ffae5.jpg,VID_20231122_101409_mp4-2084_jpg.rf.a4af494b5ce9124db86c3ac1447ffae5.txt,0,0
train,VID_20231122_101409,2089,VID_20231122_101409_mp4-2089_jpg.rf.97326ae6720a93cdaaa76136fe8b840d.jpg,VID_20231122_101409_mp4-2089_jpg.rf.97326ae6720a93cdaaa76136fe8b840d.txt,1,1
train,VID_20231122_101409,2096,VID_20231122_101409_mp4-2096_jpg.rf.54cec010fa8d2f367179dc94859ff6b6.jpg,VID_20231122_101409_mp4-2096_jpg.rf.54cec010fa8d2f367179dc94859ff6b6.txt,1,1
train,VID_20231122_101409,211,VID_20231122_101409_mp4-211_jpg.rf.37557974db7cff5c7582912e6f357ff2.jpg,VID_20231122_101409_mp4-211_jpg.rf.37557974db7cff5c7582912e6f357ff2.txt,1,1
train,VID_20231122_101409,2123,VID_20231122_101409_mp4-2123_jpg.rf.31e5215d33852a66af4bf1caaccdaa39.jpg,VID_20231122_101409_mp4-2123_jpg.rf.31e5215d33852a66af4bf1caaccdaa39.txt,0,0
train,VID_20231122_101409,212,VID_20231122_101409_mp4-212_jpg.rf.0e35ecc4f61fc600f19c55bced9b2c3b.jpg,VID_20231122_101409_mp4-212_jpg.rf.0e35ecc4f61fc600f19c55bced9b2c3b.txt,1,1
train,VID_20231122_101409,2134,VID_20231122_101409_mp4-2134_jpg.rf.63a996e8f5a514becad1d8cee1c5524e.jpg,VID_20231122_101409_mp4-2134_jpg.rf.63a996e8f5a514becad1d8cee1c5524e.txt,1,4
train,VID_20231122_101409,2136,VID_20231122_101409_mp4-2136_jpg.rf.2500ef25b72036661472f4e68bcd2a63.jpg,VID_20231122_101409_mp4-2136_jpg.rf.2500ef25b72036661472f4e68bcd2a63.txt,1,4
train,VID_20231122_101409,2139,VID_20231122_101409_mp4-2139_jpg.rf.ca9dc4d84d218ba81670be2f1bb5a0a9.jpg,VID_20231122_101409_mp4-2139_jpg.rf.ca9dc4d84d218ba81670be2f1bb5a0a9.txt,1,3
train,VID_20231122_101409,2150,VID_20231122_101409_mp4-2150_jpg.rf.a86bf55aa1ef913946a1deda474c1cb9.jpg,VID_20231122_101409_mp4-2150_jpg.rf.a86bf55aa1ef913946a1deda474c1cb9.txt,1,4
train,VID_20231122_101409,2168,VID_20231122_101409_mp4-2168_jpg.rf.a1970a8f05225f8473ce34592acd2392.jpg,VID_20231122_101409_mp4-2168_jpg.rf.a1970a8f05225f8473ce34592acd2392.txt,0,0
train,VID_20231122_101409,2173,VID_20231122_101409_mp4-2173_jpg.rf.f31fb407d46105a26eff2e1096f2b3b7.jpg,VID_20231122_101409_mp4-2173_jpg.rf.f31fb407d46105a26eff2e1096f2b3b7.txt,0,0
train,VID_20231122_101409,2181,VID_20231122_101409_mp4-2181_jpg.rf.f561e30b2bcf3b22ffa02c83766106aa.jpg,VID_20231122_101409_mp4-2181_jpg.rf.f561e30b2bcf3b22ffa02c83766106aa.txt,0,0
train,VID_20231122_101409,2182,VID_20231122_101409_mp4-2182_jpg.rf.20035b509f869a1b4493ab3cee042f24.jpg,VID_20231122_101409_mp4-2182_jpg.rf.20035b509f869a1b4493ab3cee042f24.txt,0,0
train,VID_20231122_101409,2187,VID_20231122_101409_mp4-2187_jpg.rf.842b9e040b811e49ee6ef0281ade9740.jpg,VID_20231122_101409_mp4-2187_jpg.rf.842b9e040b811e49ee6ef0281ade9740.txt,0,0
train,VID_20231122_101409,2192,VID_20231122_101409_mp4-2192_jpg.rf.48b1af4c897c8ec6265279fe5b8ce282.jpg,VID_20231122_101409_mp4-2192_jpg.rf.48b1af4c897c8ec6265279fe5b8ce282.txt,0,0
train,VID_20231122_101409,2195,VID_20231122_101409_mp4-2195_jpg.rf.59700c46c9122fedb560a8d561590151.jpg,VID_20231122_101409_mp4-2195_jpg.rf.59700c46c9122fedb560a8d561590151.txt,0,0
train,VID_20231122_101409,2199,VID_20231122_101409_mp4-2199_jpg.rf.5e98afc70a0190e98fa36744c16c703a.jpg,VID_20231122_101409_mp4-2199_jpg.rf.5e98afc70a0190e98fa36744c16c703a.txt,0,0
train,VID_20231122_101409,2202,VID_20231122_101409_mp4-2202_jpg.rf.bac28a4aefe219301280e23cacc4abbe.jpg,VID_20231122_101409_mp4-2202_jpg.rf.bac28a4aefe219301280e23cacc4abbe.txt,0,0
train,VID_20231122_101409,2208,VID_20231122_101409_mp4-2208_jpg.rf.4b1627d74330ca94339869024c5937c1.jpg,VID_20231122_101409_mp4-2208_jpg.rf.4b1627d74330ca94339869024c5937c1.txt,0,0
train,VID_20231122_101409,2212,VID_20231122_101409_mp4-2212_jpg.rf.a21eb43979cacc6cca2e7f22687416e2.jpg,VID_20231122_101409_mp4-2212_jpg.rf.a21eb43979cacc6cca2e7f22687416e2.txt,0,0
train,VID_20231122_101409,2216,VID_20231122_101409_mp4-2216_jpg.rf.509595ed1f6ed3b8356adbc11890ed7b.jpg,VID_20231122_101409_mp4-2216_jpg.rf.509595ed1f6ed3b8356adbc11890ed7b.txt,0,0
train,VID_20231122_101409,2227,VID_20231122_101409_mp4-2227_jpg.rf.81c910ecdc7d0d0d26c2e4d9c5ea8432.jpg,VID_20231122_101409_mp4-2227_jpg.rf.81c910ecdc7d0d0d26c2e4d9c5ea8432.txt,0,0
train,VID_20231122_101409,2238,VID_20231122_101409_mp4-2238_jpg.rf.13d4a2ed7f4405aab6d4f17b678528a4.jpg,VID_20231122_101409_mp4-2238_jpg.rf.13d4a2ed7f4405aab6d4f17b678528a4.txt,0,0
train,VID_20231122_101409,2241,VID_20231122_101409_mp4-2241_jpg.rf.e751500bd43f0355b1dff0757e2ea778.jpg,VID_20231122_101409_mp4-2241_jpg.rf.e751500bd43f0355b1dff0757e2ea778.txt,0,0
train,VID_20231122_101409,2283,VID_20231122_101409_mp4-2283_jpg.rf.d55d68e36de44e581517f4c0eb46bbea.jpg,VID_20231122_101409_mp4-2283_jpg.rf.d55d68e36de44e581517f4c0eb46bbea.txt,0,0
train,VID_20231122_101409,2287,VID_20231122_101409_mp4-2287_jpg.rf.897b3363d8334f55c9d46199c6ef6482.jpg,VID_20231122_101409_mp4-2287_jpg.rf.897b3363d8334f55c9d46199c6ef6482.txt,0,0
train,VID_20231122_101409,2290,VID_20231122_101409_mp4-2290_jpg.rf.fbc08249de8204eed1abed05b57c59ab.jpg,VID_20231122_101409_mp4-2290_jpg.rf.fbc08249de8204eed1abed05b57c59ab.txt,0,0
train,VID_20231122_101409,2305,VID_20231122_101409_mp4-2305_jpg.rf.7dd0089be99a5a0bf158d1bbb929c680.jpg,VID_20231122_101409_mp4-2305_jpg.rf.7dd0089be99a5a0bf158d1bbb929c680.txt,0,0
train,VID_20231122_101409,2316,VID_20231122_101409_mp4-2316_jpg.rf.62a74e6decf13fa9da41d3b5c80d08ce.jpg,VID_20231122_101409_mp4-2316_jpg.rf.62a74e6decf13fa9da41d3b5c80d08ce.txt,1,2
train,VID_20231122_101409,2320,VID_20231122_101409_mp4-2320_jpg.rf.c277c31f6a63158ac0247ea8532982e2.jpg,VID_20231122_101409_mp4-2320_jpg.rf.c277c31f6a63158ac0247ea8532982e2.txt,1,2
train,VID_20231122_101409,2323,VID_20231122_101409_mp4-2323_jpg.rf.5c2d559d596ac2cc5437f0d7c197b170.jpg,VID_20231122_101409_mp4-2323_jpg.rf.5c2d559d596ac2cc5437f0d7c197b170.txt,1,2
train,VID_20231122_101409,233,VID_20231122_101409_mp4-233_jpg.rf.8adcf5b8eeea8ac16a05613a353de9eb.jpg,VID_20231122_101409_mp4-233_jpg.rf.8adcf5b8eeea8ac16a05613a353de9eb.txt,1,3
train,VID_20231122_101409,2342,VID_20231122_101409_mp4-2342_jpg.rf.323cab09067d6e3fb1e191afe4c14bbe.jpg,VID_20231122_101409_mp4-2342_jpg.rf.323cab09067d6e3fb1e191afe4c14bbe.txt,0,0
train,VID_20231122_101409,2349,VID_20231122_101409_mp4-2349_jpg.rf.9f55e34b9c6679a552e13d7e7636fde8.jpg,VID_20231122_101409_mp4-2349_jpg.rf.9f55e34b9c6679a552e13d7e7636fde8.txt,1,2
train,VID_20231122_101409,2351,VID_20231122_101409_mp4-2351_jpg.rf.c74607506aa852211525edaf33a45fc3.jpg,VID_20231122_101409_mp4-2351_jpg.rf.c74607506aa852211525edaf33a45fc3.txt,0,0
train,VID_20231122_101409,2354,VID_20231122_101409_mp4-2354_jpg.rf.206ee2a6b2b4d80fac7aa21a7d45a907.jpg,VID_20231122_101409_mp4-2354_jpg.rf.206ee2a6b2b4d80fac7aa21a7d45a907.txt,0,0
train,VID_20231122_101409,2377,VID_20231122_101409_mp4-2377_jpg.rf.b01ae6976e24b937a6aa39904addecbf.jpg,VID_20231122_101409_mp4-2377_jpg.rf.b01ae6976e24b937a6aa39904addecbf.txt,1,4
train,VID_20231122_101409,2382,VID_20231122_101409_mp4-2382_jpg.rf.9c346c470e53ad9b3df1f7e53886dce6.jpg,VID_20231122_101409_mp4-2382_jpg.rf.9c346c470e53ad9b3df1f7e53886dce6.txt,1,1
train,VID_20231122_101409,2391,VID_20231122_101409_mp4-2391_jpg.rf.66941d4e32e8436c82f7b7c383869daf.jpg,VID_20231122_101409_mp4-2391_jpg.rf.66941d4e32e8436c82f7b7c383869daf.txt,1,2
train,VID_20231122_101409,2409,VID_20231122_101409_mp4-2409_jpg.rf.453999c08f50f94fa52cbf552fdc836d.jpg,VID_20231122_101409_mp4-2409_jpg.rf.453999c08f50f94fa52cbf552fdc836d.txt,0,0
train,VID_20231122_101409,2410,VID_20231122_101409_mp4-2410_jpg.rf.381197d32e5ef57361a5cad460025c43.jpg,VID_20231122_101409_mp4-2410_jpg.rf.381197d32e5ef57361a5cad460025c43.txt,0,0
train,VID_20231122_101409,2417,VID_20231122_101409_mp4-2417_jpg.rf.6bdd7559495c7e60e77d2180ddadea17.jpg,VID_20231122_101409_mp4-2417_jpg.rf.6bdd7559495c7e60e77d2180ddadea17.txt,0,0
train,VID_20231122_101409,2424,VID_20231122_101409_mp4-2424_jpg.rf.e8a22ba3bccbabad8b4992f7c827dff0.jpg,VID_20231122_101409_mp4-2424_jpg.rf.e8a22ba3bccbabad8b4992f7c827dff0.txt,0,0
train,VID_20231122_101409,2425,VID_20231122_101409_mp4-2425_jpg.rf.9461df2618a4eeb486d92731ea26c8b4.jpg,VID_20231122_101409_mp4-2425_jpg.rf.9461df2618a4eeb486d92731ea26c8b4.txt,0,0
train,VID_20231122_101409,2439,VID_20231122_101409_mp4-2439_jpg.rf.6055761d222f8d9a0a8411cc7310436b.jpg,VID_20231122_101409_mp4-2439_jpg.rf.6055761d222f8d9a0a8411cc7310436b.txt,0,0
train,VID_20231122_101409,2450,VID_20231122_101409_mp4-2450_jpg.rf.97ce6aa9f4981c4ccc3b7688c2c10031.jpg,VID_20231122_101409_mp4-2450_jpg.rf.97ce6aa9f4981c4ccc3b7688c2c10031.txt,0,0
train,VID_20231122_101409,2468,VID_20231122_101409_mp4-2468_jpg.rf.ffc9f12b747294f7fae88a7f8d317757.jpg,VID_20231122_101409_mp4-2468_jpg.rf.ffc9f12b747294f7fae88a7f8d317757.txt,0,0
train,VID_20231122_101409,247,VID_20231122_101409_mp4-247_jpg.rf.29e93a32f8d2abc1919cdf454d2c36bc.jpg,VID_20231122_101409_mp4-247_jpg.rf.29e93a32f8d2abc1919cdf454d2c36bc.txt,1,1
train,VID_20231122_101409,2527,VID_20231122_101409_mp4-2527_jpg.rf.168c3481f696147c8008a235c75dbdda.jpg,VID_20231122_101409_mp4-2527_jpg.rf.168c3481f696147c8008a235c75dbdda.txt,0,0
train,VID_20231122_101409,252,VID_20231122_101409_mp4-252_jpg.rf.79242b8590b2838f3310b8a80bf989ef.jpg,VID_20231122_101409_mp4-252_jpg.rf.79242b8590b2838f3310b8a80bf989ef.txt,1,1
train,VID_20231122_101409,2531,VID_20231122_101409_mp4-2531_jpg.rf.d69168906eb3f8cb59246dd07cd9f1d2.jpg,VID_20231122_101409_mp4-2531_jpg.rf.d69168906eb3f8cb59246dd07cd9f1d2.txt,0,0
train,VID_20231122_101409,2536,VID_20231122_101409_mp4-2536_jpg.rf.a4cbfe6c27667a4810c3107808b705f1.jpg,VID_20231122_101409_mp4-2536_jpg.rf.a4cbfe6c27667a4810c3107808b705f1.txt,0,0
train,VID_20231122_101409,2546,VID_20231122_101409_mp4-2546_jpg.rf.9f1016f0db35a5b1621fc4bcca993601.jpg,VID_20231122_101409_mp4-2546_jpg.rf.9f1016f0db35a5b1621fc4bcca993601.txt,0,0
train,VID_20231122_101409,2556,VID_20231122_101409_mp4-2556_jpg.rf.16e7a6355134f825285f6f028d612e7d.jpg,VID_20231122_101409_mp4-2556_jpg.rf.16e7a6355134f825285f6f028d612e7d.txt,0,0
train,VID_20231122_101409,2557,VID_20231122_101409_mp4-2557_jpg.rf.7a6f808d7d4298aefebee033a639a59c.jpg,VID_20231122_101409_mp4-2557_jpg.rf.7a6f808d7d4298aefebee033a639a59c.txt,0,0
train,VID_20231122_101409,2558,VID_20231122_101409_mp4-2558_jpg.rf.e8ccd454207e801dde02cfcc337cc795.jpg,VID_20231122_101409_mp4-2558_jpg.rf.e8ccd454207e801dde02cfcc337cc795.txt,0,0
train,VID_20231122_101409,2588,VID_20231122_101409_mp4-2588_jpg.rf.3f286c61250f86a02c7f1ac50be8f6a2.jpg,VID_20231122_101409_mp4-2588_jpg.rf.3f286c61250f86a02c7f1ac50be8f6a2.txt,0,0
train,VID_20231122_101409,25,VID_20231122_101409_mp4-25_jpg.rf.0dfd89eeec141e4ed4756d0cf248cae5.jpg,VID_20231122_101409_mp4-25_jpg.rf.0dfd89eeec141e4ed4756d0cf248cae5.txt,0,0
train,VID_20231122_101409,271,VID_20231122_101409_mp4-271_jpg.rf.3dc65bd15266cd51d5b955edd3c37e46.jpg,VID_20231122_101409_mp4-271_jpg.rf.3dc65bd15266cd51d5b955edd3c37e46.txt,1,2
train,VID_20231122_101409,27,VID_20231122_101409_mp4-27_jpg.rf.81909b6ae4cacce3e3aaea2f09bb0e35.jpg,VID_20231122_101409_mp4-27_jpg.rf.81909b6ae4cacce3e3aaea2f09bb0e35.txt,0,0
train,VID_20231122_101409,282,VID_20231122_101409_mp4-282_jpg.rf.64d5be850634f6c43b7f330113b19422.jpg,VID_20231122_101409_mp4-282_jpg.rf.64d5be850634f6c43b7f330113b19422.txt,1,1
train,VID_20231122_101409,291,VID_20231122_101409_mp4-291_jpg.rf.ddff213beded5591fb5b0b78fc49ee10.jpg,VID_20231122_101409_mp4-291_jpg.rf.ddff213beded5591fb5b0b78fc49ee10.txt,1,2
train,VID_20231122_101409,293,VID_20231122_101409_mp4-293_jpg.rf.0668a6b65746d63915a5012e5e2657e4.jpg,VID_20231122_101409_mp4-293_jpg.rf.0668a6b65746d63915a5012e5e2657e4.txt,1,2
train,VID_20231122_101409,295,VID_20231122_101409_mp4-295_jpg.rf.45e07f1189e0f9052429a6743ba59eec.jpg,VID_20231122_101409_mp4-295_jpg.rf.45e07f1189e0f9052429a6743ba59eec.txt,1,4
train,VID_20231122_101409,319,VID_20231122_101409_mp4-319_jpg.rf.686e2de85d0f8cb4c6dd034873cce98d.jpg,VID_20231122_101409_mp4-319_jpg.rf.686e2de85d0f8cb4c6dd034873cce98d.txt,0,0
train,VID_20231122_101409,31,VID_20231122_101409_mp4-31_jpg.rf.a0b235726904c374050612bbc0954cad.jpg,VID_20231122_101409_mp4-31_jpg.rf.a0b235726904c374050612bbc0954cad.txt,0,0
train,VID_20231122_101409,334,VID_20231122_101409_mp4-334_jpg.rf.04a58455216f121feeb9b9d545d89749.jpg,VID_20231122_101409_mp4-334_jpg.rf.04a58455216f121feeb9b9d545d89749.txt,0,0
train,VID_20231122_101409,335,VID_20231122_101409_mp4-335_jpg.rf.bfa20342683cd63ab0efce1ead3c7ae5.jpg,VID_20231122_101409_mp4-335_jpg.rf.bfa20342683cd63ab0efce1ead3c7ae5.txt,0,0
train,VID_20231122_101409,348,VID_20231122_101409_mp4-348_jpg.rf.f3e0a4f456d6e10509fc92f940f59cd3.jpg,VID_20231122_101409_mp4-348_jpg.rf.f3e0a4f456d6e10509fc92f940f59cd3.txt,0,0
train,VID_20231122_101409,350,VID_20231122_101409_mp4-350_jpg.rf.bd74466339287903478a8701154576c5.jpg,VID_20231122_101409_mp4-350_jpg.rf.bd74466339287903478a8701154576c5.txt,0,0
train,VID_20231122_101409,366,VID_20231122_101409_mp4-366_jpg.rf.195976f02382979928bec612d5574d87.jpg,VID_20231122_101409_mp4-366_jpg.rf.195976f02382979928bec612d5574d87.txt,0,0
train,VID_20231122_101409,369,VID_20231122_101409_mp4-369_jpg.rf.9ccee43a3150a8dafe9096993abf2831.jpg,VID_20231122_101409_mp4-369_jpg.rf.9ccee43a3150a8dafe9096993abf2831.txt,0,0
train,VID_20231122_101409,373,VID_20231122_101409_mp4-373_jpg.rf.197ecef44dd5293091a35cf330833807.jpg,VID_20231122_101409_mp4-373_jpg.rf.197ecef44dd5293091a35cf330833807.txt,0,0
train,VID_20231122_101409,374,VID_20231122_101409_mp4-374_jpg.rf.4be192374ec5d2c3993d3fa9677ecce4.jpg,VID_20231122_101409_mp4-374_jpg.rf.4be192374ec5d2c3993d3fa9677ecce4.txt,0,0
train,VID_20231122_101409,379,VID_20231122_101409_mp4-379_jpg.rf.5f277a06b0f1c3a3b51271f047e7f4ac.jpg,VID_20231122_101409_mp4-379_jpg.rf.5f277a06b0f1c3a3b51271f047e7f4ac.txt,0,0
train,VID_20231122_101409,393,VID_20231122_101409_mp4-393_jpg.rf.1cf799e98cd74071558dfda0eefa1592.jpg,VID_20231122_101409_mp4-393_jpg.rf.1cf799e98cd74071558dfda0eefa1592.txt,0,0
train,VID_20231122_101409,402,VID_20231122_101409_mp4-402_jpg.rf.426b64432f9a7450ebaeccb3d676af3b.jpg,VID_20231122_101409_mp4-402_jpg.rf.426b64432f9a7450ebaeccb3d676af3b.txt,0,0
train,VID_20231122_101409,406,VID_20231122_101409_mp4-406_jpg.rf.0bf965349a295409373e5783a31def8c.jpg,VID_20231122_101409_mp4-406_jpg.rf.0bf965349a295409373e5783a31def8c.txt,0,0
train,VID_20231122_101409,414,VID_20231122_101409_mp4-414_jpg.rf.819d90b1dc1c2affe1646e9527fd504d.jpg,VID_20231122_101409_mp4-414_jpg.rf.819d90b1dc1c2affe1646e9527fd504d.txt,0,0
train,VID_20231122_101409,424,VID_20231122_101409_mp4-424_jpg.rf.bae7bd94d1199c00c34452b76bb6e7f5.jpg,VID_20231122_101409_mp4-424_jpg.rf.bae7bd94d1199c00c34452b76bb6e7f5.txt,1,4
train,VID_20231122_101409,429,VID_20231122_101409_mp4-429_jpg.rf.3e7df539b30ed37576587c0094d7d3fb.jpg,VID_20231122_101409_mp4-429_jpg.rf.3e7df539b30ed37576587c0094d7d3fb.txt,1,7
train,VID_20231122_101409,453,VID_20231122_101409_mp4-453_jpg.rf.7450ed7a848f3c100de543d2c5228104.jpg,VID_20231122_101409_mp4-453_jpg.rf.7450ed7a848f3c100de543d2c5228104.txt,1,3
train,VID_20231122_101409,478,VID_20231122_101409_mp4-478_jpg.rf.9359fbe900303286d24ffa63eaf4218c.jpg,VID_20231122_101409_mp4-478_jpg.rf.9359fbe900303286d24ffa63eaf4218c.txt,0,0
train,VID_20231122_101409,489,VID_20231122_101409_mp4-489_jpg.rf.d1599d6a8b3395544659472d09ea9c2c.jpg,VID_20231122_101409_mp4-489_jpg.rf.d1599d6a8b3395544659472d09ea9c2c.txt,0,0
train,VID_20231122_101409,500,VID_20231122_101409_mp4-500_jpg.rf.1aa14b49f62aefef72d273832adc5b45.jpg,VID_20231122_101409_mp4-500_jpg.rf.1aa14b49f62aefef72d273832adc5b45.txt,0,0
train,VID_20231122_101409,504,VID_20231122_101409_mp4-504_jpg.rf.b0e6151d9a477f890b04c5271558c4f7.jpg,VID_20231122_101409_mp4-504_jpg.rf.b0e6151d9a477f890b04c5271558c4f7.txt,0,0
train,VID_20231122_101409,50,VID_20231122_101409_mp4-50_jpg.rf.87aef781d6b0f438ebf58a273b2a4b26.jpg,VID_20231122_101409_mp4-50_jpg.rf.87aef781d6b0f438ebf58a273b2a4b26.txt,0,0
train,VID_20231122_101409,516,VID_20231122_101409_mp4-516_jpg.rf.0d19111d321ce76712d49f4611406533.jpg,VID_20231122_101409_mp4-516_jpg.rf.0d19111d321ce76712d49f4611406533.txt,0,0
train,VID_20231122_101409,536,VID_20231122_101409_mp4-536_jpg.rf.cf47009be6fe7405feb800d4337b608a.jpg,VID_20231122_101409_mp4-536_jpg.rf.cf47009be6fe7405feb800d4337b608a.txt,0,0
train,VID_20231122_101409,546,VID_20231122_101409_mp4-546_jpg.rf.255df1735fee02666990c1ea83a3eaec.jpg,VID_20231122_101409_mp4-546_jpg.rf.255df1735fee02666990c1ea83a3eaec.txt,0,0
train,VID_20231122_101409,566,VID_20231122_101409_mp4-566_jpg.rf.43c0d88fce7e481f7f4f7cd7acb0b723.jpg,VID_20231122_101409_mp4-566_jpg.rf.43c0d88fce7e481f7f4f7cd7acb0b723.txt,0,0
train,VID_20231122_101409,568,VID_20231122_101409_mp4-568_jpg.rf.80871f6a284732fed0cd83aa487383aa.jpg,VID_20231122_101409_mp4-568_jpg.rf.80871f6a284732fed0cd83aa487383aa.txt,0,0
train,VID_20231122_101409,571,VID_20231122_101409_mp4-571_jpg.rf.1dfc3567e0b2aa74d5575c6f749f5b6b.jpg,VID_20231122_101409_mp4-571_jpg.rf.1dfc3567e0b2aa74d5575c6f749f5b6b.txt,0,0
train,VID_20231122_101409,578,VID_20231122_101409_mp4-578_jpg.rf.7fe922007f72134c7d5140c0de0a53bf.jpg,VID_20231122_101409_mp4-578_jpg.rf.7fe922007f72134c7d5140c0de0a53bf.txt,0,0
train,VID_20231122_101409,592,VID_20231122_101409_mp4-592_jpg.rf.1f16872f8c3ffa66abcc30ac1f1f17a2.jpg,VID_20231122_101409_mp4-592_jpg.rf.1f16872f8c3ffa66abcc30ac1f1f17a2.txt,0,0
train,VID_20231122_101409,595,VID_20231122_101409_mp4-595_jpg.rf.2e616dbd21d13f9531ccf18510c85ecb.jpg,VID_20231122_101409_mp4-595_jpg.rf.2e616dbd21d13f9531ccf18510c85ecb.txt,0,0
train,VID_20231122_101409,604,VID_20231122_101409_mp4-604_jpg.rf.8f03a6c55199c80a53a42c5fe948f48c.jpg,VID_20231122_101409_mp4-604_jpg.rf.8f03a6c55199c80a53a42c5fe948f48c.txt,1,2
train,VID_20231122_101409,619,VID_20231122_101409_mp4-619_jpg.rf.7daf61d7481f9a1c235e666fc7d20289.jpg,VID_20231122_101409_mp4-619_jpg.rf.7daf61d7481f9a1c235e666fc7d20289.txt,0,0
train,VID_20231122_101409,61,VID_20231122_101409_mp4-61_jpg.rf.8c08815c9a69548350e5a669d6c2757f.jpg,VID_20231122_101409_mp4-61_jpg.rf.8c08815c9a69548350e5a669d6c2757f.txt,0,0
train,VID_20231122_101409,631,VID_20231122_101409_mp4-631_jpg.rf.e7fc74f52fd987bafbe14ee569e2f1b5.jpg,VID_20231122_101409_mp4-631_jpg.rf.e7fc74f52fd987bafbe14ee569e2f1b5.txt,1,1
train,VID_20231122_101409,643,VID_20231122_101409_mp4-643_jpg.rf.8abad479760821ece9d0b4568d091468.jpg,VID_20231122_101409_mp4-643_jpg.rf.8abad479760821ece9d0b4568d091468.txt,1,1
train,VID_20231122_101409,646,VID_20231122_101409_mp4-646_jpg.rf.a359622e296f006051677cab759abfa3.jpg,VID_20231122_101409_mp4-646_jpg.rf.a359622e296f006051677cab759abfa3.txt,1,1
train,VID_20231122_101409,649,VID_20231122_101409_mp4-649_jpg.rf.179e4eb81b32c254a435b24443321b67.jpg,VID_20231122_101409_mp4-649_jpg.rf.179e4eb81b32c254a435b24443321b67.txt,1,2
train,VID_20231122_101409,653,VID_20231122_101409_mp4-653_jpg.rf.066d63b9b4b021fba62ae9bdcdac5dc2.jpg,VID_20231122_101409_mp4-653_jpg.rf.066d63b9b4b021fba62ae9bdcdac5dc2.txt,1,1
train,VID_20231122_101409,654,VID_20231122_101409_mp4-654_jpg.rf.0d1b9a83283347fd313d52007dad48b8.jpg,VID_20231122_101409_mp4-654_jpg.rf.0d1b9a83283347fd313d52007dad48b8.txt,1,1
train,VID_20231122_101409,655,VID_20231122_101409_mp4-655_jpg.rf.307c131d1e47c3690ff25cb777a5f25b.jpg,VID_20231122_101409_mp4-655_jpg.rf.307c131d1e47c3690ff25cb777a5f25b.txt,1,1
train,VID_20231122_101409,684,VID_20231122_101409_mp4-684_jpg.rf.695333d81d19a2922f1b84398784486a.jpg,VID_20231122_101409_mp4-684_jpg.rf.695333d81d19a2922f1b84398784486a.txt,0,0
train,VID_20231122_101409,697,VID_20231122_101409_mp4-697_jpg.rf.0bb9cc28792f7e8cc8232db5d798d170.jpg,VID_20231122_101409_mp4-697_jpg.rf.0bb9cc28792f7e8cc8232db5d798d170.txt,1,1
train,VID_20231122_101409,71,VID_20231122_101409_mp4-71_jpg.rf.47f94d2a976dff6f6629ba623aa12152.jpg,VID_20231122_101409_mp4-71_jpg.rf.47f94d2a976dff6f6629ba623aa12152.txt,0,0
train,VID_20231122_101409,723,VID_20231122_101409_mp4-723_jpg.rf.73c8e2dce713e67745eb708e68b192bd.jpg,VID_20231122_101409_mp4-723_jpg.rf.73c8e2dce713e67745eb708e68b192bd.txt,1,6
train,VID_20231122_101409,725,VID_20231122_101409_mp4-725_jpg.rf.ebe1e994fb006c1356e637f7f770c392.jpg,VID_20231122_101409_mp4-725_jpg.rf.ebe1e994fb006c1356e637f7f770c392.txt,1,5
train,VID_20231122_101409,728,VID_20231122_101409_mp4-728_jpg.rf.f06b6b57b7619acc168e2ba464e4086b.jpg,VID_20231122_101409_mp4-728_jpg.rf.f06b6b57b7619acc168e2ba464e4086b.txt,1,4
train,VID_20231122_101409,72,VID_20231122_101409_mp4-72_jpg.rf.98f739becbe741039b4333d9593c7f97.jpg,VID_20231122_101409_mp4-72_jpg.rf.98f739becbe741039b4333d9593c7f97.txt,0,0
train,VID_20231122_101409,73,VID_20231122_101409_mp4-73_jpg.rf.73ff4fb05d30f9146e8894f3c48b1670.jpg,VID_20231122_101409_mp4-73_jpg.rf.73ff4fb05d30f9146e8894f3c48b1670.txt,0,0
train,VID_20231122_101409,753,VID_20231122_101409_mp4-753_jpg.rf.1fecf3a7f07955c12995baa3acff6536.jpg,VID_20231122_101409_mp4-753_jpg.rf.1fecf3a7f07955c12995baa3acff6536.txt,1,1
train,VID_20231122_101409,75,VID_20231122_101409_mp4-75_jpg.rf.938dae14375439bd579b00f15a7712d6.jpg,VID_20231122_101409_mp4-75_jpg.rf.938dae14375439bd579b00f15a7712d6.txt,0,0
train,VID_20231122_101409,76,VID_20231122_101409_mp4-76_jpg.rf.336402f4792b2b661c6e2340f2195c39.jpg,VID_20231122_101409_mp4-76_jpg.rf.336402f4792b2b661c6e2340f2195c39.txt,0,0
train,VID_20231122_101409,779,VID_20231122_101409_mp4-779_jpg.rf.6a1ae82a5cf5ebc21e059adc001d15da.jpg,VID_20231122_101409_mp4-779_jpg.rf.6a1ae82a5cf5ebc21e059adc001d15da.txt,0,0
train,VID_20231122_101409,788,VID_20231122_101409_mp4-788_jpg.rf.f5519e1d35e230ab5bbc892e6fb6dd62.jpg,VID_20231122_101409_mp4-788_jpg.rf.f5519e1d35e230ab5bbc892e6fb6dd62.txt,0,0
train,VID_20231122_101409,792,VID_20231122_101409_mp4-792_jpg.rf.e6953499c46fe97770d643bd7d53d745.jpg,VID_20231122_101409_mp4-792_jpg.rf.e6953499c46fe97770d643bd7d53d745.txt,0,0
train,VID_20231122_101409,814,VID_20231122_101409_mp4-814_jpg.rf.c2ef1cd58f179d77cf3302c3473690b2.jpg,VID_20231122_101409_mp4-814_jpg.rf.c2ef1cd58f179d77cf3302c3473690b2.txt,0,0
train,VID_20231122_101409,823,VID_20231122_101409_mp4-823_jpg.rf.67cee98629bd9a115acea3b97ade25bc.jpg,VID_20231122_101409_mp4-823_jpg.rf.67cee98629bd9a115acea3b97ade25bc.txt,0,0
train,VID_20231122_101409,83,VID_20231122_101409_mp4-83_jpg.rf.6849b90621eb6fc8a71ecab2b7595daa.jpg,VID_20231122_101409_mp4-83_jpg.rf.6849b90621eb6fc8a71ecab2b7595daa.txt,0,0
train,VID_20231122_101409,844,VID_20231122_101409_mp4-844_jpg.rf.beb8818d55a64dd5a9664ae88c863856.jpg,VID_20231122_101409_mp4-844_jpg.rf.beb8818d55a64dd5a9664ae88c863856.txt,0,0
train,VID_20231122_101409,84,VID_20231122_101409_mp4-84_jpg.rf.b05afa24a7e577877c8c6d4035b77c4a.jpg,VID_20231122_101409_mp4-84_jpg.rf.b05afa24a7e577877c8c6d4035b77c4a.txt,0,0
train,VID_20231122_101409,853,VID_20231122_101409_mp4-853_jpg.rf.7ad3143038c8451001f66c4e04bc123e.jpg,VID_20231122_101409_mp4-853_jpg.rf.7ad3143038c8451001f66c4e04bc123e.txt,0,0
train,VID_20231122_101409,861,VID_20231122_101409_mp4-861_jpg.rf.65a8076d9c5fa16e2c6e1cf102588ec5.jpg,VID_20231122_101409_mp4-861_jpg.rf.65a8076d9c5fa16e2c6e1cf102588ec5.txt,0,0
train,VID_20231122_101409,868,VID_20231122_101409_mp4-868_jpg.rf.d65acf1a58955d224d338a6681a6339f.jpg,VID_20231122_101409_mp4-868_jpg.rf.d65acf1a58955d224d338a6681a6339f.txt,0,0
train,VID_20231122_101409,874,VID_20231122_101409_mp4-874_jpg.rf.99cf2826ba7ec6cfd7d2e70de00e768d.jpg,VID_20231122_101409_mp4-874_jpg.rf.99cf2826ba7ec6cfd7d2e70de00e768d.txt,0,0
train,VID_20231122_101409,878,VID_20231122_101409_mp4-878_jpg.rf.85ebd4c8696bf5dfc68c61807112b717.jpg,VID_20231122_101409_mp4-878_jpg.rf.85ebd4c8696bf5dfc68c61807112b717.txt,0,0
train,VID_20231122_101409,894,VID_20231122_101409_mp4-894_jpg.rf.6e9679e3044685fade7ca55ad93b3fae.jpg,VID_20231122_101409_mp4-894_jpg.rf.6e9679e3044685fade7ca55ad93b3fae.txt,0,0
train,VID_20231122_101409,907,VID_20231122_101409_mp4-907_jpg.rf.570d65acda057ed3ec3ad93b089063d7.jpg,VID_20231122_101409_mp4-907_jpg.rf.570d65acda057ed3ec3ad93b089063d7.txt,1,2
train,VID_20231122_101409,933,VID_20231122_101409_mp4-933_jpg.rf.29edf6de5161b2a9a1cdd570fcbbcfe6.jpg,VID_20231122_101409_mp4-933_jpg.rf.29edf6de5161b2a9a1cdd570fcbbcfe6.txt,1,6
train,VID_20231122_101409,934,VID_20231122_101409_mp4-934_jpg.rf.f6ec342ec8d4744d7c0ef44a605aa9aa.jpg,VID_20231122_101409_mp4-934_jpg.rf.f6ec342ec8d4744d7c0ef44a605aa9aa.txt,1,9
train,VID_20231122_101409,937,VID_20231122_101409_mp4-937_jpg.rf.2a9fd8dede2035ab3ef0abfafda800b2.jpg,VID_20231122_101409_mp4-937_jpg.rf.2a9fd8dede2035ab3ef0abfafda800b2.txt,1,6
train,VID_20231122_101409,947,VID_20231122_101409_mp4-947_jpg.rf.5e55bf82649162dfca61df13e3ef4df1.jpg,VID_20231122_101409_mp4-947_jpg.rf.5e55bf82649162dfca61df13e3ef4df1.txt,1,10
train,VID_20231122_101409,950,VID_20231122_101409_mp4-950_jpg.rf.4132fe6abf8845979ebb229ffc3facd8.jpg,VID_20231122_101409_mp4-950_jpg.rf.4132fe6abf8845979ebb229ffc3facd8.txt,1,8
train,VID_20231122_101409,954,VID_20231122_101409_mp4-954_jpg.rf.5a3d1be56ab0bc68c48fe892ef912f4f.jpg,VID_20231122_101409_mp4-954_jpg.rf.5a3d1be56ab0bc68c48fe892ef912f4f.txt,1,6
train,VID_20231122_101409,963,VID_20231122_101409_mp4-963_jpg.rf.2576334471a0efa0974d02615102cea4.jpg,VID_20231122_101409_mp4-963_jpg.rf.2576334471a0efa0974d02615102cea4.txt,1,2
train,VID_20231122_101409,967,VID_20231122_101409_mp4-967_jpg.rf.6ad24b7e92cb7811117feaeddee18be1.jpg,VID_20231122_101409_mp4-967_jpg.rf.6ad24b7e92cb7811117feaeddee18be1.txt,0,0
train,VID_20231122_101409,975,VID_20231122_101409_mp4-975_jpg.rf.2b87d3ac8ec83f7cb7f756fe6edc3a1d.jpg,VID_20231122_101409_mp4-975_jpg.rf.2b87d3ac8ec83f7cb7f756fe6edc3a1d.txt,1,1
train,VID_20231122_101409,989,VID_20231122_101409_mp4-989_jpg.rf.1a6e016d9390bd509b576574e1390a50.jpg,VID_20231122_101409_mp4-989_jpg.rf.1a6e016d9390bd509b576574e1390a50.txt,1,1
train,VID_20231122_101409,98,VID_20231122_101409_mp4-98_jpg.rf.76b320cce7aaa8b15fe1dc23b5d7b25e.jpg,VID_20231122_101409_mp4-98_jpg.rf.76b320cce7aaa8b15fe1dc23b5d7b25e.txt,0,0
train,VID_20231122_101409,999,VID_20231122_101409_mp4-999_jpg.rf.f14c26d4031f0f397a3650aa3aa8b2ba.jpg,VID_20231122_101409_mp4-999_jpg.rf.f14c26d4031f0f397a3650aa3aa8b2ba.txt,1,1
test,VID_20231122_101943,108,VID_20231122_101943_mp4-108_jpg.rf.343066f42b231186c2071575c943eb71.jpg,VID_20231122_101943_mp4-108_jpg.rf.343066f42b231186c2071575c943eb71.txt,0,0
test,VID_20231122_101943,111,VID_20231122_101943_mp4-111_jpg.rf.ee217392f0023780a8d692659249d6a3.jpg,VID_20231122_101943_mp4-111_jpg.rf.ee217392f0023780a8d692659249d6a3.txt,0,0
test,VID_20231122_101943,138,VID_20231122_101943_mp4-138_jpg.rf.e9c6b64bb67985560e88b8899e8fa75a.jpg,VID_20231122_101943_mp4-138_jpg.rf.e9c6b64bb67985560e88b8899e8fa75a.txt,0,0
test,VID_20231122_101943,140,VID_20231122_101943_mp4-140_jpg.rf.8239c148b83148284f43610fe275e814.jpg,VID_20231122_101943_mp4-140_jpg.rf.8239c148b83148284f43610fe275e814.txt,0,0
test,VID_20231122_101943,143,VID_20231122_101943_mp4-143_jpg.rf.ce1b6041587503592465a8155c16a4d1.jpg,VID_20231122_101943_mp4-143_jpg.rf.ce1b6041587503592465a8155c16a4d1.txt,0,0
test,VID_20231122_101943,157,VID_20231122_101943_mp4-157_jpg.rf.1bee6daae04b150aa401ee4e15ec4f8b.jpg,VID_20231122_101943_mp4-157_jpg.rf.1bee6daae04b150aa401ee4e15ec4f8b.txt,0,0
test,VID_20231122_101943,163,VID_20231122_101943_mp4-163_jpg.rf.cd7d84afd1acbac0d4d613a8e3ea9ca8.jpg,VID_20231122_101943_mp4-163_jpg.rf.cd7d84afd1acbac0d4d613a8e3ea9ca8.txt,0,0
test,VID_20231122_101943,166,VID_20231122_101943_mp4-166_jpg.rf.1db925b9ed6cd089460c96686ff9b680.jpg,VID_20231122_101943_mp4-166_jpg.rf.1db925b9ed6cd089460c96686ff9b680.txt,0,0
test,VID_20231122_101943,169,VID_20231122_101943_mp4-169_jpg.rf.0d051624321c7ff715a6d083359d40ed.jpg,VID_20231122_101943_mp4-169_jpg.rf.0d051624321c7ff715a6d083359d40ed.txt,0,0
test,VID_20231122_101943,172,VID_20231122_101943_mp4-172_jpg.rf.2261b1ecf39b757856a7e5c7a7eb4a60.jpg,VID_20231122_101943_mp4-172_jpg.rf.2261b1ecf39b757856a7e5c7a7eb4a60.txt,0,0
test,VID_20231122_101943,173,VID_20231122_101943_mp4-173_jpg.rf.fd6132524d13a02bacfaf2e98d75440a.jpg,VID_20231122_101943_mp4-173_jpg.rf.fd6132524d13a02bacfaf2e98d75440a.txt,0,0
test,VID_20231122_101943,174,VID_20231122_101943_mp4-174_jpg.rf.666eecd7cd08aafa41b251284d16bef4.jpg,VID_20231122_101943_mp4-174_jpg.rf.666eecd7cd08aafa41b251284d16bef4.txt,0,0
test,VID_20231122_101943,181,VID_20231122_101943_mp4-181_jpg.rf.af2403bdcfc2e6482b8324a49f13475e.jpg,VID_20231122_101943_mp4-181_jpg.rf.af2403bdcfc2e6482b8324a49f13475e.txt,0,0
test,VID_20231122_101943,183,VID_20231122_101943_mp4-183_jpg.rf.6a61eb64ac864841480ff91c83b33f00.jpg,VID_20231122_101943_mp4-183_jpg.rf.6a61eb64ac864841480ff91c83b33f00.txt,0,0
test,VID_20231122_101943,185,VID_20231122_101943_mp4-185_jpg.rf.4c232fa911cd15fe82da29700f836720.jpg,VID_20231122_101943_mp4-185_jpg.rf.4c232fa911cd15fe82da29700f836720.txt,0,0
test,VID_20231122_101943,187,VID_20231122_101943_mp4-187_jpg.rf.864e6c93a7ed5a082db3c6c9e3e7f179.jpg,VID_20231122_101943_mp4-187_jpg.rf.864e6c93a7ed5a082db3c6c9e3e7f179.txt,0,0
test,VID_20231122_101943,188,VID_20231122_101943_mp4-188_jpg.rf.d87308adc6de6085a89cbd58566bec0f.jpg,VID_20231122_101943_mp4-188_jpg.rf.d87308adc6de6085a89cbd58566bec0f.txt,0,0
test,VID_20231122_101943,195,VID_20231122_101943_mp4-195_jpg.rf.02210f1cf2c7aa84add377d07c82ff5b.jpg,VID_20231122_101943_mp4-195_jpg.rf.02210f1cf2c7aa84add377d07c82ff5b.txt,0,0
test,VID_20231122_101943,197,VID_20231122_101943_mp4-197_jpg.rf.0e2c93415a3f67e74ea4bc35261c9d3d.jpg,VID_20231122_101943_mp4-197_jpg.rf.0e2c93415a3f67e74ea4bc35261c9d3d.txt,0,0
test,VID_20231122_101943,199,VID_20231122_101943_mp4-199_jpg.rf.73be61e6d7b8983c44d17ba791c9eeee.jpg,VID_20231122_101943_mp4-199_jpg.rf.73be61e6d7b8983c44d17ba791c9eeee.txt,0,0
test,VID_20231122_101943,201,VID_20231122_101943_mp4-201_jpg.rf.42f1487ec8662f9f426017ef663384f8.jpg,VID_20231122_101943_mp4-201_jpg.rf.42f1487ec8662f9f426017ef663384f8.txt,0,0
test,VID_20231122_101943,202,VID_20231122_101943_mp4-202_jpg.rf.dd997b985926a88d635b10eaeb0de4ce.jpg,VID_20231122_101943_mp4-202_jpg.rf.dd997b985926a88d635b10eaeb0de4ce.txt,0,0
test,VID_20231122_101943,203,VID_20231122_101943_mp4-203_jpg.rf.cd0a5735ef90e56fc891c6a9f0fc2cc7.jpg,VID_20231122_101943_mp4-203_jpg.rf.cd0a5735ef90e56fc891c6a9f0fc2cc7.txt,0,0
test,VID_20231122_101943,204,VID_20231122_101943_mp4-204_jpg.rf.4543f0a068d60cb9db82a5d78cf51a64.jpg,VID_20231122_101943_mp4-204_jpg.rf.4543f0a068d60cb9db82a5d78cf51a64.txt,0,0
test,VID_20231122_101943,207,VID_20231122_101943_mp4-207_jpg.rf.cb1e41b6c531137d77b5c09983dbd10b.jpg,VID_20231122_101943_mp4-207_jpg.rf.cb1e41b6c531137d77b5c09983dbd10b.txt,0,0
test,VID_20231122_101943,224,VID_20231122_101943_mp4-224_jpg.rf.59fba41edf5075de12c482e9c721b838.jpg,VID_20231122_101943_mp4-224_jpg.rf.59fba41edf5075de12c482e9c721b838.txt,0,0
test,VID_20231122_101943,229,VID_20231122_101943_mp4-229_jpg.rf.b496119dc03b2ecd01d20bad52cc2009.jpg,VID_20231122_101943_mp4-229_jpg.rf.b496119dc03b2ecd01d20bad52cc2009.txt,0,0
test,VID_20231122_101943,235,VID_20231122_101943_mp4-235_jpg.rf.67d7cce6e44486df4825432570c63f4d.jpg,VID_20231122_101943_mp4-235_jpg.rf.67d7cce6e44486df4825432570c63f4d.txt,0,0
test,VID_20231122_101943,23,VID_20231122_101943_mp4-23_jpg.rf.909f675ed1d3ae2ed062b906f09e5507.jpg,VID_20231122_101943_mp4-23_jpg.rf.909f675ed1d3ae2ed062b906f09e5507.txt,0,0
test,VID_20231122_101943,244,VID_20231122_101943_mp4-244_jpg.rf.7a216e7aa297893748dbe45f6bcabf5a.jpg,VID_20231122_101943_mp4-244_jpg.rf.7a216e7aa297893748dbe45f6bcabf5a.txt,0,0
test,VID_20231122_101943,251,VID_20231122_101943_mp4-251_jpg.rf.ca448c4dbb72f821a9b3b8f81d882d3e.jpg,VID_20231122_101943_mp4-251_jpg.rf.ca448c4dbb72f821a9b3b8f81d882d3e.txt,0,0
test,VID_20231122_101943,257,VID_20231122_101943_mp4-257_jpg.rf.f724855217fe6d6a25b1f544f1ebb7e0.jpg,VID_20231122_101943_mp4-257_jpg.rf.f724855217fe6d6a25b1f544f1ebb7e0.txt,0,0
test,VID_20231122_101943,263,VID_20231122_101943_mp4-263_jpg.rf.a379c6ba8d90e31d6e490cc10b263036.jpg,VID_20231122_101943_mp4-263_jpg.rf.a379c6ba8d90e31d6e490cc10b263036.txt,1,1
test,VID_20231122_101943,265,VID_20231122_101943_mp4-265_jpg.rf.d9985358f14b633fa147327ebc9f07d8.jpg,VID_20231122_101943_mp4-265_jpg.rf.d9985358f14b633fa147327ebc9f07d8.txt,0,0
test,VID_20231122_101943,271,VID_20231122_101943_mp4-271_jpg.rf.f427c53f745c324ed5e7bb9cb816a15a.jpg,VID_20231122_101943_mp4-271_jpg.rf.f427c53f745c324ed5e7bb9cb816a15a.txt,0,0
test,VID_20231122_101943,272,VID_20231122_101943_mp4-272_jpg.rf.74a4d77bdff7e681c13690c3cee28971.jpg,VID_20231122_101943_mp4-272_jpg.rf.74a4d77bdff7e681c13690c3cee28971.txt,0,0
test,VID_20231122_101943,273,VID_20231122_101943_mp4-273_jpg.rf.9a0380a551604e87131533cf4bab5182.jpg,VID_20231122_101943_mp4-273_jpg.rf.9a0380a551604e87131533cf4bab5182.txt,1,1
test,VID_20231122_101943,275,VID_20231122_101943_mp4-275_jpg.rf.dfab18d23899261eb6a5018a3d9fba3d.jpg,VID_20231122_101943_mp4-275_jpg.rf.dfab18d23899261eb6a5018a3d9fba3d.txt,0,0
test,VID_20231122_101943,276,VID_20231122_101943_mp4-276_jpg.rf.378a624d9a3407cb7966f58c0c63cf80.jpg,VID_20231122_101943_mp4-276_jpg.rf.378a624d9a3407cb7966f58c0c63cf80.txt,1,1
test,VID_20231122_101943,278,VID_20231122_101943_mp4-278_jpg.rf.4b8e47b5ebc1bcf6fe11609b330a7e7b.jpg,VID_20231122_101943_mp4-278_jpg.rf.4b8e47b5ebc1bcf6fe11609b330a7e7b.txt,0,0
test,VID_20231122_101943,282,VID_20231122_101943_mp4-282_jpg.rf.edd410b87eeca7c2abcbc6b607ad1dd5.jpg,VID_20231122_101943_mp4-282_jpg.rf.edd410b87eeca7c2abcbc6b607ad1dd5.txt,1,1
test,VID_20231122_101943,286,VID_20231122_101943_mp4-286_jpg.rf.4fa42695b1f08ba4fb362f52043d3786.jpg,VID_20231122_101943_mp4-286_jpg.rf.4fa42695b1f08ba4fb362f52043d3786.txt,1,1
test,VID_20231122_101943,288,VID_20231122_101943_mp4-288_jpg.rf.1c4c01595aea3e052b6c99fa4793ac5f.jpg,VID_20231122_101943_mp4-288_jpg.rf.1c4c01595aea3e052b6c99fa4793ac5f.txt,1,2
test,VID_20231122_101943,290,VID_20231122_101943_mp4-290_jpg.rf.ba72e0d0966a0b3c3efacf99c69c5e99.jpg,VID_20231122_101943_mp4-290_jpg.rf.ba72e0d0966a0b3c3efacf99c69c5e99.txt,1,2
test,VID_20231122_101943,294,VID_20231122_101943_mp4-294_jpg.rf.e04c3652b20f3aeaca01151772d0b5fa.jpg,VID_20231122_101943_mp4-294_jpg.rf.e04c3652b20f3aeaca01151772d0b5fa.txt,1,2
test,VID_20231122_101943,296,VID_20231122_101943_mp4-296_jpg.rf.a7ec994a649638b7de4d870e08bed8f7.jpg,VID_20231122_101943_mp4-296_jpg.rf.a7ec994a649638b7de4d870e08bed8f7.txt,1,2
test,VID_20231122_101943,297,VID_20231122_101943_mp4-297_jpg.rf.058d302ea1691511ec3517dbf240e36d.jpg,VID_20231122_101943_mp4-297_jpg.rf.058d302ea1691511ec3517dbf240e36d.txt,1,2
test,VID_20231122_101943,2,VID_20231122_101943_mp4-2_jpg.rf.ee022b23ee2b9dc1462121253c96fffb.jpg,VID_20231122_101943_mp4-2_jpg.rf.ee022b23ee2b9dc1462121253c96fffb.txt,0,0
test,VID_20231122_101943,300,VID_20231122_101943_mp4-300_jpg.rf.91a2070806089c1873db2ca6f1c83c96.jpg,VID_20231122_101943_mp4-300_jpg.rf.91a2070806089c1873db2ca6f1c83c96.txt,1,1
test,VID_20231122_101943,306,VID_20231122_101943_mp4-306_jpg.rf.ad1f854707d3cb1df4663d220e8e0800.jpg,VID_20231122_101943_mp4-306_jpg.rf.ad1f854707d3cb1df4663d220e8e0800.txt,1,2
test,VID_20231122_101943,307,VID_20231122_101943_mp4-307_jpg.rf.7ab836e8419468163bef15866f3b6664.jpg,VID_20231122_101943_mp4-307_jpg.rf.7ab836e8419468163bef15866f3b6664.txt,1,2
test,VID_20231122_101943,310,VID_20231122_101943_mp4-310_jpg.rf.3810606e7aa6b5552aedf587ee22d70a.jpg,VID_20231122_101943_mp4-310_jpg.rf.3810606e7aa6b5552aedf587ee22d70a.txt,1,2
test,VID_20231122_101943,312,VID_20231122_101943_mp4-312_jpg.rf.309d44bf70e9e827c870e8eb5d3af6bf.jpg,VID_20231122_101943_mp4-312_jpg.rf.309d44bf70e9e827c870e8eb5d3af6bf.txt,1,2
test,VID_20231122_101943,315,VID_20231122_101943_mp4-315_jpg.rf.2d596e406bad9f731a0b4ad8034df327.jpg,VID_20231122_101943_mp4-315_jpg.rf.2d596e406bad9f731a0b4ad8034df327.txt,1,2
test,VID_20231122_101943,316,VID_20231122_101943_mp4-316_jpg.rf.f6a61e6b63345c0d7e4891fdf2d2e673.jpg,VID_20231122_101943_mp4-316_jpg.rf.f6a61e6b63345c0d7e4891fdf2d2e673.txt,1,1
test,VID_20231122_101943,317,VID_20231122_101943_mp4-317_jpg.rf.229b9a133418d48543779010f87c50f3.jpg,VID_20231122_101943_mp4-317_jpg.rf.229b9a133418d48543779010f87c50f3.txt,1,1
test,VID_20231122_101943,318,VID_20231122_101943_mp4-318_jpg.rf.3055d3502cbe9c36977be50a033a53a0.jpg,VID_20231122_101943_mp4-318_jpg.rf.3055d3502cbe9c36977be50a033a53a0.txt,1,1
test,VID_20231122_101943,321,VID_20231122_101943_mp4-321_jpg.rf.4c91c7931e2fdf893985a0873e8c35f0.jpg,VID_20231122_101943_mp4-321_jpg.rf.4c91c7931e2fdf893985a0873e8c35f0.txt,1,1
test,VID_20231122_101943,323,VID_20231122_101943_mp4-323_jpg.rf.33484bba5deb642930fd81925e05fb59.jpg,VID_20231122_101943_mp4-323_jpg.rf.33484bba5deb642930fd81925e05fb59.txt,1,1
test,VID_20231122_101943,324,VID_20231122_101943_mp4-324_jpg.rf.22837eedc66636d3ddf3ddda4422e1e1.jpg,VID_20231122_101943_mp4-324_jpg.rf.22837eedc66636d3ddf3ddda4422e1e1.txt,1,1
test,VID_20231122_101943,326,VID_20231122_101943_mp4-326_jpg.rf.99d0569543b01b8b6595469d485c73e9.jpg,VID_20231122_101943_mp4-326_jpg.rf.99d0569543b01b8b6595469d485c73e9.txt,1,1
test,VID_20231122_101943,327,VID_20231122_101943_mp4-327_jpg.rf.98fefa4c9cf0e4185d4753a794136a63.jpg,VID_20231122_101943_mp4-327_jpg.rf.98fefa4c9cf0e4185d4753a794136a63.txt,1,1
test,VID_20231122_101943,328,VID_20231122_101943_mp4-328_jpg.rf.0c4b23fa09912759b0b77814cf0bbaea.jpg,VID_20231122_101943_mp4-328_jpg.rf.0c4b23fa09912759b0b77814cf0bbaea.txt,1,1
test,VID_20231122_101943,329,VID_20231122_101943_mp4-329_jpg.rf.1e9ba83871e37a7bf7ecb6242b5b61e5.jpg,VID_20231122_101943_mp4-329_jpg.rf.1e9ba83871e37a7bf7ecb6242b5b61e5.txt,0,0
test,VID_20231122_101943,335,VID_20231122_101943_mp4-335_jpg.rf.f53a4029ab197a525b95fc845fd9888c.jpg,VID_20231122_101943_mp4-335_jpg.rf.f53a4029ab197a525b95fc845fd9888c.txt,1,1
test,VID_20231122_101943,336,VID_20231122_101943_mp4-336_jpg.rf.e43a2a59f94cc40a76c741da7248a1a3.jpg,VID_20231122_101943_mp4-336_jpg.rf.e43a2a59f94cc40a76c741da7248a1a3.txt,1,1
test,VID_20231122_101943,341,VID_20231122_101943_mp4-341_jpg.rf.2633b1817466888e2e4c38078eef2f9d.jpg,VID_20231122_101943_mp4-341_jpg.rf.2633b1817466888e2e4c38078eef2f9d.txt,1,1
test,VID_20231122_101943,344,VID_20231122_101943_mp4-344_jpg.rf.2fc0a07fc43c1e7d3a0f204dece249aa.jpg,VID_20231122_101943_mp4-344_jpg.rf.2fc0a07fc43c1e7d3a0f204dece249aa.txt,1,1
test,VID_20231122_101943,345,VID_20231122_101943_mp4-345_jpg.rf.31402784d336685ac5468e2ae4dfc5c8.jpg,VID_20231122_101943_mp4-345_jpg.rf.31402784d336685ac5468e2ae4dfc5c8.txt,1,1
test,VID_20231122_101943,346,VID_20231122_101943_mp4-346_jpg.rf.a50653d181dcce521ef99d2ba72e89b2.jpg,VID_20231122_101943_mp4-346_jpg.rf.a50653d181dcce521ef99d2ba72e89b2.txt,1,1
test,VID_20231122_101943,348,VID_20231122_101943_mp4-348_jpg.rf.97e4e9531d7f2dcfdc39390cb72e39c3.jpg,VID_20231122_101943_mp4-348_jpg.rf.97e4e9531d7f2dcfdc39390cb72e39c3.txt,1,1
test,VID_20231122_101943,34,VID_20231122_101943_mp4-34_jpg.rf.fbdc9a6b7e5abd2271a6ea13126f2c8e.jpg,VID_20231122_101943_mp4-34_jpg.rf.fbdc9a6b7e5abd2271a6ea13126f2c8e.txt,0,0
test,VID_20231122_101943,352,VID_20231122_101943_mp4-352_jpg.rf.f71185c2dcfd20f38f1513c811b8ee5c.jpg,VID_20231122_101943_mp4-352_jpg.rf.f71185c2dcfd20f38f1513c811b8ee5c.txt,0,0
test,VID_20231122_101943,354,VID_20231122_101943_mp4-354_jpg.rf.439ef1d3f3a2b93f9cc7d4a1fbc2df0e.jpg,VID_20231122_101943_mp4-354_jpg.rf.439ef1d3f3a2b93f9cc7d4a1fbc2df0e.txt,0,0
test,VID_20231122_101943,355,VID_20231122_101943_mp4-355_jpg.rf.c0d162e973c6b84a33c7db82d9727001.jpg,VID_20231122_101943_mp4-355_jpg.rf.c0d162e973c6b84a33c7db82d9727001.txt,0,0
test,VID_20231122_101943,357,VID_20231122_101943_mp4-357_jpg.rf.0937603a6dcd7720424675750cd4c999.jpg,VID_20231122_101943_mp4-357_jpg.rf.0937603a6dcd7720424675750cd4c999.txt,0,0
test,VID_20231122_101943,361,VID_20231122_101943_mp4-361_jpg.rf.1b082618bf70d4ca7b5a5f9548bd64ef.jpg,VID_20231122_101943_mp4-361_jpg.rf.1b082618bf70d4ca7b5a5f9548bd64ef.txt,0,0
test,VID_20231122_101943,365,VID_20231122_101943_mp4-365_jpg.rf.7c3770f487a22da838246bb3291d1046.jpg,VID_20231122_101943_mp4-365_jpg.rf.7c3770f487a22da838246bb3291d1046.txt,0,0
test,VID_20231122_101943,368,VID_20231122_101943_mp4-368_jpg.rf.7caa31950e49ecf5ef27024ee9db25aa.jpg,VID_20231122_101943_mp4-368_jpg.rf.7caa31950e49ecf5ef27024ee9db25aa.txt,0,0
test,VID_20231122_101943,377,VID_20231122_101943_mp4-377_jpg.rf.0bae8c8f7d304fe8bf4e904a07db6c1a.jpg,VID_20231122_101943_mp4-377_jpg.rf.0bae8c8f7d304fe8bf4e904a07db6c1a.txt,0,0
test,VID_20231122_101943,37,VID_20231122_101943_mp4-37_jpg.rf.e081501ef0d46de9fc0d603ead2966fb.jpg,VID_20231122_101943_mp4-37_jpg.rf.e081501ef0d46de9fc0d603ead2966fb.txt,0,0
test,VID_20231122_101943,383,VID_20231122_101943_mp4-383_jpg.rf.9358213176a8890f5e21040899347a2b.jpg,VID_20231122_101943_mp4-383_jpg.rf.9358213176a8890f5e21040899347a2b.txt,0,0
test,VID_20231122_101943,384,VID_20231122_101943_mp4-384_jpg.rf.21e832152348933bb643938072e77ad7.jpg,VID_20231122_101943_mp4-384_jpg.rf.21e832152348933bb643938072e77ad7.txt,0,0
test,VID_20231122_101943,385,VID_20231122_101943_mp4-385_jpg.rf.d583d584d88f6cc956f7e405ccdfab01.jpg,VID_20231122_101943_mp4-385_jpg.rf.d583d584d88f6cc956f7e405ccdfab01.txt,0,0
test,VID_20231122_101943,387,VID_20231122_101943_mp4-387_jpg.rf.4321d9d75af52ea9fb8a8071e19f84b4.jpg,VID_20231122_101943_mp4-387_jpg.rf.4321d9d75af52ea9fb8a8071e19f84b4.txt,0,0
test,VID_20231122_101943,38,VID_20231122_101943_mp4-38_jpg.rf.2f13012c0c7189db3f78ec5684f0d48b.jpg,VID_20231122_101943_mp4-38_jpg.rf.2f13012c0c7189db3f78ec5684f0d48b.txt,0,0
test,VID_20231122_101943,401,VID_20231122_101943_mp4-401_jpg.rf.ca0f490657d18c568687d17979721f17.jpg,VID_20231122_101943_mp4-401_jpg.rf.ca0f490657d18c568687d17979721f17.txt,0,0
test,VID_20231122_101943,403,VID_20231122_101943_mp4-403_jpg.rf.3126a1e54df81e35117f5b4a20a5c776.jpg,VID_20231122_101943_mp4-403_jpg.rf.3126a1e54df81e35117f5b4a20a5c776.txt,0,0
test,VID_20231122_101943,412,VID_20231122_101943_mp4-412_jpg.rf.29f89abfef466ddba45940ca3ec3ec69.jpg,VID_20231122_101943_mp4-412_jpg.rf.29f89abfef466ddba45940ca3ec3ec69.txt,0,0
test,VID_20231122_101943,417,VID_20231122_101943_mp4-417_jpg.rf.cf6000b0c30fd01d6923d71211b679ad.jpg,VID_20231122_101943_mp4-417_jpg.rf.cf6000b0c30fd01d6923d71211b679ad.txt,0,0
test,VID_20231122_101943,421,VID_20231122_101943_mp4-421_jpg.rf.a118e169f73adbea4f682b069c4ab827.jpg,VID_20231122_101943_mp4-421_jpg.rf.a118e169f73adbea4f682b069c4ab827.txt,0,0
test,VID_20231122_101943,422,VID_20231122_101943_mp4-422_jpg.rf.0235791a167014444a869e535e1c14aa.jpg,VID_20231122_101943_mp4-422_jpg.rf.0235791a167014444a869e535e1c14aa.txt,0,0
test,VID_20231122_101943,429,VID_20231122_101943_mp4-429_jpg.rf.6c2f26e4c62670f42a0501600b541ea7.jpg,VID_20231122_101943_mp4-429_jpg.rf.6c2f26e4c62670f42a0501600b541ea7.txt,0,0
test,VID_20231122_101943,432,VID_20231122_101943_mp4-432_jpg.rf.651c8a973812115dbbb759c055ca078d.jpg,VID_20231122_101943_mp4-432_jpg.rf.651c8a973812115dbbb759c055ca078d.txt,0,0
test,VID_20231122_101943,433,VID_20231122_101943_mp4-433_jpg.rf.5bb7c6b13bc50477de8b7156599bee9e.jpg,VID_20231122_101943_mp4-433_jpg.rf.5bb7c6b13bc50477de8b7156599bee9e.txt,1,1
test,VID_20231122_101943,435,VID_20231122_101943_mp4-435_jpg.rf.32ef3f26d019e8505aac56fd695e215e.jpg,VID_20231122_101943_mp4-435_jpg.rf.32ef3f26d019e8505aac56fd695e215e.txt,1,1
test,VID_20231122_101943,441,VID_20231122_101943_mp4-441_jpg.rf.8a56594ca51b43031a71e8b49b899548.jpg,VID_20231122_101943_mp4-441_jpg.rf.8a56594ca51b43031a71e8b49b899548.txt,1,1
test,VID_20231122_101943,443,VID_20231122_101943_mp4-443_jpg.rf.80133a60f5d46f165b02cdc794a5e755.jpg,VID_20231122_101943_mp4-443_jpg.rf.80133a60f5d46f165b02cdc794a5e755.txt,1,1
test,VID_20231122_101943,446,VID_20231122_101943_mp4-446_jpg.rf.f9c00eb6a5e2db315fd88b93b2da4be2.jpg,VID_20231122_101943_mp4-446_jpg.rf.f9c00eb6a5e2db315fd88b93b2da4be2.txt,1,2
test,VID_20231122_101943,454,VID_20231122_101943_mp4-454_jpg.rf.ac1a0df178b59510e16c35a0dbd9b5cc.jpg,VID_20231122_101943_mp4-454_jpg.rf.ac1a0df178b59510e16c35a0dbd9b5cc.txt,1,2
test,VID_20231122_101943,456,VID_20231122_101943_mp4-456_jpg.rf.308a8ea26d91dcbe219d42d47cb4c83a.jpg,VID_20231122_101943_mp4-456_jpg.rf.308a8ea26d91dcbe219d42d47cb4c83a.txt,1,1
test,VID_20231122_101943,457,VID_20231122_101943_mp4-457_jpg.rf.7bed9df01a3be0e4acad1a167815efce.jpg,VID_20231122_101943_mp4-457_jpg.rf.7bed9df01a3be0e4acad1a167815efce.txt,0,0
test,VID_20231122_101943,458,VID_20231122_101943_mp4-458_jpg.rf.016b84c1ac6a431c9beea08909b76c33.jpg,VID_20231122_101943_mp4-458_jpg.rf.016b84c1ac6a431c9beea08909b76c33.txt,0,0
test,VID_20231122_101943,459,VID_20231122_101943_mp4-459_jpg.rf.fca6113c943d16593eb53b5359d2c384.jpg,VID_20231122_101943_mp4-459_jpg.rf.fca6113c943d16593eb53b5359d2c384.txt,0,0
test,VID_20231122_101943,460,VID_20231122_101943_mp4-460_jpg.rf.9488349e093fc72c79b72a497a97ce53.jpg,VID_20231122_101943_mp4-460_jpg.rf.9488349e093fc72c79b72a497a97ce53.txt,0,0
test,VID_20231122_101943,462,VID_20231122_101943_mp4-462_jpg.rf.2855618e4c5e6699b35f33826b4afa09.jpg,VID_20231122_101943_mp4-462_jpg.rf.2855618e4c5e6699b35f33826b4afa09.txt,0,0
test,VID_20231122_101943,466,VID_20231122_101943_mp4-466_jpg.rf.a6a7b604d1e1a6ec9b175b9f4d05e913.jpg,VID_20231122_101943_mp4-466_jpg.rf.a6a7b604d1e1a6ec9b175b9f4d05e913.txt,0,0
test,VID_20231122_101943,469,VID_20231122_101943_mp4-469_jpg.rf.767f0762aa878ef484c98ca86e25319c.jpg,VID_20231122_101943_mp4-469_jpg.rf.767f0762aa878ef484c98ca86e25319c.txt,0,0
test,VID_20231122_101943,471,VID_20231122_101943_mp4-471_jpg.rf.1ecbd55d1a0e03cc7cfe46c7db9e00e5.jpg,VID_20231122_101943_mp4-471_jpg.rf.1ecbd55d1a0e03cc7cfe46c7db9e00e5.txt,0,0
test,VID_20231122_101943,472,VID_20231122_101943_mp4-472_jpg.rf.150278d4dbf51fdad74e55d2276d8eda.jpg,VID_20231122_101943_mp4-472_jpg.rf.150278d4dbf51fdad74e55d2276d8eda.txt,0,0
test,VID_20231122_101943,474,VID_20231122_101943_mp4-474_jpg.rf.75bc69064eb25e9f954333734519d6dd.jpg,VID_20231122_101943_mp4-474_jpg.rf.75bc69064eb25e9f954333734519d6dd.txt,0,0
test,VID_20231122_101943,479,VID_20231122_101943_mp4-479_jpg.rf.220bf61544f8fbf7240e3f2443ed16c1.jpg,VID_20231122_101943_mp4-479_jpg.rf.220bf61544f8fbf7240e3f2443ed16c1.txt,0,0
test,VID_20231122_101943,483,VID_20231122_101943_mp4-483_jpg.rf.e9edc62dab6d296a172c1978fa7b5f50.jpg,VID_20231122_101943_mp4-483_jpg.rf.e9edc62dab6d296a172c1978fa7b5f50.txt,0,0
test,VID_20231122_101943,487,VID_20231122_101943_mp4-487_jpg.rf.80d0f53982e3812d549bdd8c58770502.jpg,VID_20231122_101943_mp4-487_jpg.rf.80d0f53982e3812d549bdd8c58770502.txt,0,0
test,VID_20231122_101943,492,VID_20231122_101943_mp4-492_jpg.rf.c47ab6f8e406fd3a93d4a2ce2acaacb7.jpg,VID_20231122_101943_mp4-492_jpg.rf.c47ab6f8e406fd3a93d4a2ce2acaacb7.txt,0,0
test,VID_20231122_101943,494,VID_20231122_101943_mp4-494_jpg.rf.23a033f7e6417253412b340cb20f738b.jpg,VID_20231122_101943_mp4-494_jpg.rf.23a033f7e6417253412b340cb20f738b.txt,0,0
test,VID_20231122_101943,499,VID_20231122_101943_mp4-499_jpg.rf.4fc250cdf9ad60f86aa54fa8522e4e78.jpg,VID_20231122_101943_mp4-499_jpg.rf.4fc250cdf9ad60f86aa54fa8522e4e78.txt,0,0
test,VID_20231122_101943,502,VID_20231122_101943_mp4-502_jpg.rf.1c8683bbf3e7f0e0c1647378ffd82ef4.jpg,VID_20231122_101943_mp4-502_jpg.rf.1c8683bbf3e7f0e0c1647378ffd82ef4.txt,0,0
test,VID_20231122_101943,505,VID_20231122_101943_mp4-505_jpg.rf.cbb1ad6bca25838da139c27a27eeaa84.jpg,VID_20231122_101943_mp4-505_jpg.rf.cbb1ad6bca25838da139c27a27eeaa84.txt,0,0
test,VID_20231122_101943,507,VID_20231122_101943_mp4-507_jpg.rf.0b532c515c15b0d6dc161d03dfc28b28.jpg,VID_20231122_101943_mp4-507_jpg.rf.0b532c515c15b0d6dc161d03dfc28b28.txt,0,0
test,VID_20231122_101943,508,VID_20231122_101943_mp4-508_jpg.rf.b83916ad00bc155c869d9a51967c6ffe.jpg,VID_20231122_101943_mp4-508_jpg.rf.b83916ad00bc155c869d9a51967c6ffe.txt,0,0
test,VID_20231122_101943,518,VID_20231122_101943_mp4-518_jpg.rf.7899b02dd12f2addfd4076cfd96c2b24.jpg,VID_20231122_101943_mp4-518_jpg.rf.7899b02dd12f2addfd4076cfd96c2b24.txt,0,0
test,VID_20231122_101943,519,VID_20231122_101943_mp4-519_jpg.rf.8919c2a986638be293d2dd8f97447133.jpg,VID_20231122_101943_mp4-519_jpg.rf.8919c2a986638be293d2dd8f97447133.txt,0,0
test,VID_20231122_101943,525,VID_20231122_101943_mp4-525_jpg.rf.51e0a6437044f6a7d91a06e723aca658.jpg,VID_20231122_101943_mp4-525_jpg.rf.51e0a6437044f6a7d91a06e723aca658.txt,0,0
test,VID_20231122_101943,528,VID_20231122_101943_mp4-528_jpg.rf.26a23d533f87e1890614c1b313881753.jpg,VID_20231122_101943_mp4-528_jpg.rf.26a23d533f87e1890614c1b313881753.txt,0,0
test,VID_20231122_101943,533,VID_20231122_101943_mp4-533_jpg.rf.88d3d2426ae64a7077c595fc27619364.jpg,VID_20231122_101943_mp4-533_jpg.rf.88d3d2426ae64a7077c595fc27619364.txt,0,0
test,VID_20231122_101943,535,VID_20231122_101943_mp4-535_jpg.rf.af1cc35eaa3731bcbb208f08699aa053.jpg,VID_20231122_101943_mp4-535_jpg.rf.af1cc35eaa3731bcbb208f08699aa053.txt,0,0
test,VID_20231122_101943,542,VID_20231122_101943_mp4-542_jpg.rf.c7c51f2babf09db0b95bb7c11c2e545d.jpg,VID_20231122_101943_mp4-542_jpg.rf.c7c51f2babf09db0b95bb7c11c2e545d.txt,0,0
test,VID_20231122_101943,547,VID_20231122_101943_mp4-547_jpg.rf.01345712d9db4b5fce1415c94bf865ee.jpg,VID_20231122_101943_mp4-547_jpg.rf.01345712d9db4b5fce1415c94bf865ee.txt,0,0
test,VID_20231122_101943,552,VID_20231122_101943_mp4-552_jpg.rf.a4d71f19cba498685f0fb58f0129e4c6.jpg,VID_20231122_101943_mp4-552_jpg.rf.a4d71f19cba498685f0fb58f0129e4c6.txt,0,0
test,VID_20231122_101943,553,VID_20231122_101943_mp4-553_jpg.rf.f160eb865a92a15ba16ae1c3e51277ba.jpg,VID_20231122_101943_mp4-553_jpg.rf.f160eb865a92a15ba16ae1c3e51277ba.txt,0,0
test,VID_20231122_101943,556,VID_20231122_101943_mp4-556_jpg.rf.3de88424e962e5e4e7f9d76dda00117f.jpg,VID_20231122_101943_mp4-556_jpg.rf.3de88424e962e5e4e7f9d76dda00117f.txt,0,0
test,VID_20231122_101943,562,VID_20231122_101943_mp4-562_jpg.rf.9243374be7490d8fd476ca75b5d7637a.jpg,VID_20231122_101943_mp4-562_jpg.rf.9243374be7490d8fd476ca75b5d7637a.txt,0,0
test,VID_20231122_101943,563,VID_20231122_101943_mp4-563_jpg.rf.d5b2862579f956ecee546d357f657a88.jpg,VID_20231122_101943_mp4-563_jpg.rf.d5b2862579f956ecee546d357f657a88.txt,0,0
test,VID_20231122_101943,566,VID_20231122_101943_mp4-566_jpg.rf.112141f0513d3b6b2a14c74307a4b8ab.jpg,VID_20231122_101943_mp4-566_jpg.rf.112141f0513d3b6b2a14c74307a4b8ab.txt,0,0
test,VID_20231122_101943,573,VID_20231122_101943_mp4-573_jpg.rf.356e27c633bf8b296d19d22d662d22a0.jpg,VID_20231122_101943_mp4-573_jpg.rf.356e27c633bf8b296d19d22d662d22a0.txt,0,0
test,VID_20231122_101943,577,VID_20231122_101943_mp4-577_jpg.rf.d96709b967ad15d1bca7e1ca70d1ec6f.jpg,VID_20231122_101943_mp4-577_jpg.rf.d96709b967ad15d1bca7e1ca70d1ec6f.txt,0,0
test,VID_20231122_101943,584,VID_20231122_101943_mp4-584_jpg.rf.2fedaaf885f98e543cab77d079ee3878.jpg,VID_20231122_101943_mp4-584_jpg.rf.2fedaaf885f98e543cab77d079ee3878.txt,1,3
test,VID_20231122_101943,58,VID_20231122_101943_mp4-58_jpg.rf.86d87406113223ce634627ae8c8b8cd4.jpg,VID_20231122_101943_mp4-58_jpg.rf.86d87406113223ce634627ae8c8b8cd4.txt,0,0
test,VID_20231122_101943,608,VID_20231122_101943_mp4-608_jpg.rf.f672a133f1cc584e0171308ef154a4f4.jpg,VID_20231122_101943_mp4-608_jpg.rf.f672a133f1cc584e0171308ef154a4f4.txt,1,1
test,VID_20231122_101943,648,VID_20231122_101943_mp4-648_jpg.rf.b96c93edc590bb1d0b7a1ab3868ec5ea.jpg,VID_20231122_101943_mp4-648_jpg.rf.b96c93edc590bb1d0b7a1ab3868ec5ea.txt,1,1
test,VID_20231122_101943,662,VID_20231122_101943_mp4-662_jpg.rf.0cd597ab70bd06be9a16b81967351f9f.jpg,VID_20231122_101943_mp4-662_jpg.rf.0cd597ab70bd06be9a16b81967351f9f.txt,0,0
test,VID_20231122_101943,670,VID_20231122_101943_mp4-670_jpg.rf.e5867a26714662bdf8c8d1ea909dbc85.jpg,VID_20231122_101943_mp4-670_jpg.rf.e5867a26714662bdf8c8d1ea909dbc85.txt,1,1
test,VID_20231122_101943,68,VID_20231122_101943_mp4-68_jpg.rf.124c60e5dd7aed010d33ec61c831a8a4.jpg,VID_20231122_101943_mp4-68_jpg.rf.124c60e5dd7aed010d33ec61c831a8a4.txt,0,0
test,VID_20231122_101943,699,VID_20231122_101943_mp4-699_jpg.rf.1182dc7f6269b7165c5291a91147a00b.jpg,VID_20231122_101943_mp4-699_jpg.rf.1182dc7f6269b7165c5291a91147a00b.txt,0,0
test,VID_20231122_101943,734,VID_20231122_101943_mp4-734_jpg.rf.b438b7bb63a0ceb6ec25354da64a4aed.jpg,VID_20231122_101943_mp4-734_jpg.rf.b438b7bb63a0ceb6ec25354da64a4aed.txt,1,1
test,VID_20231122_101943,740,VID_20231122_101943_mp4-740_jpg.rf.c63d2995aff93f5e5834df6128f8bc65.jpg,VID_20231122_101943_mp4-740_jpg.rf.c63d2995aff93f5e5834df6128f8bc65.txt,1,1
test,VID_20231122_101943,742,VID_20231122_101943_mp4-742_jpg.rf.972842dfd92af1c553f7892d02aeb73b.jpg,VID_20231122_101943_mp4-742_jpg.rf.972842dfd92af1c553f7892d02aeb73b.txt,1,1
test,VID_20231122_101943,756,VID_20231122_101943_mp4-756_jpg.rf.35ce8bc50253a217941b48f40063da93.jpg,VID_20231122_101943_mp4-756_jpg.rf.35ce8bc50253a217941b48f40063da93.txt,0,0
test,VID_20231122_101943,759,VID_20231122_101943_mp4-759_jpg.rf.24fbd1fc8908fee2a1058d2f310e1367.jpg,VID_20231122_101943_mp4-759_jpg.rf.24fbd1fc8908fee2a1058d2f310e1367.txt,0,0
test,VID_20231122_101943,773,VID_20231122_101943_mp4-773_jpg.rf.40ce0c6df6922a5e16143dbd15b20302.jpg,VID_20231122_101943_mp4-773_jpg.rf.40ce0c6df6922a5e16143dbd15b20302.txt,0,0
test,VID_20231122_101943,776,VID_20231122_101943_mp4-776_jpg.rf.ac29196af9b0033d1bbe9a90158a3753.jpg,VID_20231122_101943_mp4-776_jpg.rf.ac29196af9b0033d1bbe9a90158a3753.txt,0,0
test,VID_20231122_101943,779,VID_20231122_101943_mp4-779_jpg.rf.387fda364c93f2f499544bc7759939a1.jpg,VID_20231122_101943_mp4-779_jpg.rf.387fda364c93f2f499544bc7759939a1.txt,0,0
test,VID_20231122_101943,787,VID_20231122_101943_mp4-787_jpg.rf.10bbda54d53b05d1f4692d0813de5e45.jpg,VID_20231122_101943_mp4-787_jpg.rf.10bbda54d53b05d1f4692d0813de5e45.txt,0,0
test,VID_20231122_101943,789,VID_20231122_101943_mp4-789_jpg.rf.fbb3bf698605670b2856595d609e97c3.jpg,VID_20231122_101943_mp4-789_jpg.rf.fbb3bf698605670b2856595d609e97c3.txt,0,0
test,VID_20231122_101943,791,VID_20231122_101943_mp4-791_jpg.rf.11a3e3b472b76443a31d017cc12a099a.jpg,VID_20231122_101943_mp4-791_jpg.rf.11a3e3b472b76443a31d017cc12a099a.txt,0,0
test,VID_20231122_101943,804,VID_20231122_101943_mp4-804_jpg.rf.51db6bb89d1bd6c1ced71ec096ab853a.jpg,VID_20231122_101943_mp4-804_jpg.rf.51db6bb89d1bd6c1ced71ec096ab853a.txt,0,0
test,VID_20231122_101943,805,VID_20231122_101943_mp4-805_jpg.rf.4b650e7ebe77c604ba6d002b5dd18d34.jpg,VID_20231122_101943_mp4-805_jpg.rf.4b650e7ebe77c604ba6d002b5dd18d34.txt,1,2
test,VID_20231122_101943,806,VID_20231122_101943_mp4-806_jpg.rf.c4a8a594810e54c6dd265596ac84162b.jpg,VID_20231122_101943_mp4-806_jpg.rf.c4a8a594810e54c6dd265596ac84162b.txt,1,1
test,VID_20231122_101943,819,VID_20231122_101943_mp4-819_jpg.rf.47b644aa8b311914ccde65399a22985e.jpg,VID_20231122_101943_mp4-819_jpg.rf.47b644aa8b311914ccde65399a22985e.txt,0,0
test,VID_20231122_101943,832,VID_20231122_101943_mp4-832_jpg.rf.fabdbb50d797b2e75a85d2cc61154a0a.jpg,VID_20231122_101943_mp4-832_jpg.rf.fabdbb50d797b2e75a85d2cc61154a0a.txt,1,2
test,VID_20231122_101943,833,VID_20231122_101943_mp4-833_jpg.rf.6eb0ce5b29a48c45411f6c500b77c643.jpg,VID_20231122_101943_mp4-833_jpg.rf.6eb0ce5b29a48c45411f6c500b77c643.txt,1,1
test,VID_20231122_101943,861,VID_20231122_101943_mp4-861_jpg.rf.62c550c52b454a399f78b5bc8c929caa.jpg,VID_20231122_101943_mp4-861_jpg.rf.62c550c52b454a399f78b5bc8c929caa.txt,1,5
test,VID_20231122_101943,862,VID_20231122_101943_mp4-862_jpg.rf.155836e732b0c6551f2c78c16e5d5c80.jpg,VID_20231122_101943_mp4-862_jpg.rf.155836e732b0c6551f2c78c16e5d5c80.txt,1,3
test,VID_20231122_101943,863,VID_20231122_101943_mp4-863_jpg.rf.41dd9b9d5b78c14437ddd1097189be00.jpg,VID_20231122_101943_mp4-863_jpg.rf.41dd9b9d5b78c14437ddd1097189be00.txt,0,0
test,VID_20231122_101943,875,VID_20231122_101943_mp4-875_jpg.rf.aa148052e3acd72120a81ab59383a7d0.jpg,VID_20231122_101943_mp4-875_jpg.rf.aa148052e3acd72120a81ab59383a7d0.txt,1,4
test,VID_20231122_101943,880,VID_20231122_101943_mp4-880_jpg.rf.db349bbabb13a2cd3c2d920b3c753c51.jpg,VID_20231122_101943_mp4-880_jpg.rf.db349bbabb13a2cd3c2d920b3c753c51.txt,1,1
test,VID_20231122_101943,881,VID_20231122_101943_mp4-881_jpg.rf.3d35599340ea8801b243d2232df5ea94.jpg,VID_20231122_101943_mp4-881_jpg.rf.3d35599340ea8801b243d2232df5ea94.txt,1,1
test,VID_20231122_101943,884,VID_20231122_101943_mp4-884_jpg.rf.35dd6b8e455fc519f26c30b6b8ac823e.jpg,VID_20231122_101943_mp4-884_jpg.rf.35dd6b8e455fc519f26c30b6b8ac823e.txt,1,5
test,VID_20231122_101943,885,VID_20231122_101943_mp4-885_jpg.rf.0c0f1cbc037d2821c20b2a3b1a08525f.jpg,VID_20231122_101943_mp4-885_jpg.rf.0c0f1cbc037d2821c20b2a3b1a08525f.txt,1,5
test,VID_20231122_101943,892,VID_20231122_101943_mp4-892_jpg.rf.431cd6596134ef5ff7c8055c592d8626.jpg,VID_20231122_101943_mp4-892_jpg.rf.431cd6596134ef5ff7c8055c592d8626.txt,1,2
test,VID_20231122_101943,896,VID_20231122_101943_mp4-896_jpg.rf.f960098433189ff6d47de860372fa3bf.jpg,VID_20231122_101943_mp4-896_jpg.rf.f960098433189ff6d47de860372fa3bf.txt,1,2
test,VID_20231122_101943,898,VID_20231122_101943_mp4-898_jpg.rf.f56a3714bfb8b7c1f422b7346677df6c.jpg,VID_20231122_101943_mp4-898_jpg.rf.f56a3714bfb8b7c1f422b7346677df6c.txt,1,1
test,VID_20231122_101943,901,VID_20231122_101943_mp4-901_jpg.rf.9199e8dc68bbfa70f4e20c8136239fa7.jpg,VID_20231122_101943_mp4-901_jpg.rf.9199e8dc68bbfa70f4e20c8136239fa7.txt,1,1
test,VID_20231122_101943,907,VID_20231122_101943_mp4-907_jpg.rf.f77ea4dc35d8b1452885f8a33882a9c4.jpg,VID_20231122_101943_mp4-907_jpg.rf.f77ea4dc35d8b1452885f8a33882a9c4.txt,1,2
test,VID_20231122_101943,911,VID_20231122_101943_mp4-911_jpg.rf.1229b98482706fbc1353b6dbc485c2f5.jpg,VID_20231122_101943_mp4-911_jpg.rf.1229b98482706fbc1353b6dbc485c2f5.txt,0,0
test,VID_20231122_101943,912,VID_20231122_101943_mp4-912_jpg.rf.256e63e593af9678e8affd6ef7038c85.jpg,VID_20231122_101943_mp4-912_jpg.rf.256e63e593af9678e8affd6ef7038c85.txt,1,3
test,VID_20231122_101943,918,VID_20231122_101943_mp4-918_jpg.rf.88a7fbb35bd21a054322470d56e760e7.jpg,VID_20231122_101943_mp4-918_jpg.rf.88a7fbb35bd21a054322470d56e760e7.txt,1,1
